,tcr,antigen,prediction
0,CASSIRSSYEQYF,GLIYNRMGAVTTEV,0.047805063
1,CASSYQTGTIYGYTF,NLVPMVATV,0.88639843
2,CASSRQGGGGNQPQHF,GLCTLVAML,0.6823242
3,CASSLARTAYEQYF,AVFDRKSDAK,0.73138154
4,CASSLRDGSEAFF,RAKFKQLL,0.72917265
5,CATLGGQGADQPQHF,AVFDRKSDAK,0.7484954
6,CAISESRRAISEQFF,GLCTLVAML,0.3252658
7,CASSLGAFENEQFF,TPGPGVRYPL,0.085525036
8,CASSYAGGTDTQYF,RLRAEAQVK,0.38181314
9,CASSLESRTYNEQFF,NLVPMVATV,0.9159572
10,CASSEGGQYDDYGYTF,RLRAEAQVK,0.34111837
11,CASSQEIGSSYNSPLHF,ELAGIGILTV,0.72668505
12,CSVGTGGTNEKLFF,LLLGIGILV,0.19701657
13,CATSRDHEQFF,KLGGALQAK,0.964635
14,CAWTPDSDYSYEQYF,FLRGRAYGL,0.08057871
15,CASTQLAGASYHDFFF,FRDYVDRFYKTLRAEQASQE,0.2708477
16,CASSSEGGYNEQFF,KLGGALQAK,0.96307814
17,CSADPVDSTLEEETQYF,KLGGALQAK,0.95013154
18,CASLISGTDTQYF,SLYNTVATL,0.12088917
19,CASSIRSTEKLFF,GILGFVFTL,0.9795933
20,CASSPRTEKYTQYF,SLYNTVATL,0.13116336
21,CASGTSGRNEQFF,KLGGALQAK,0.95804
22,CASSPGTGREQFF,IVTDFSVIK,0.46130988
23,CASSSQGSTDTQYF,LLQTGIHVRVSQPSL,0.22913423
24,CASSIYGLSSYNEQFF,KAFSPEVIPMF,0.13741243
25,CASSIGLAGYNEQFF,SGPLKAEIAQRLED,0.06609544
26,CASRTGLASTDTQYF,IVTDFSVIK,0.50826716
27,CAWDLEGGTEAFF,NLVPMVATV,0.8953856
28,CASRIHGGAINEQFF,FLRGRAYGL,0.062654614
29,CASSLTGGRDIQYF,KLGGALQAK,0.9546431
30,CASSQVSEQETQYF,AVFDRKSDAK,0.6482094
31,CASSQDPHGFVANVLTF,GILGFVFTL,0.80795205
32,CASSIRSTDTQYF,GILGFVFTL,0.97887224
33,CASSLEEGDAREAQYF,CINGVCWTV,0.21613932
34,CASSMGGQTYGYTF,AVFDRKSDAK,0.746865
35,CASSPDSNNEQFF,ISPRTLNAW,0.1013507
36,CASSPRSDSPLHF,GTSGSPIINR,0.12742199
37,CAWKNLFPRTDTQYF,KLGGALQAK,0.956894
38,CASRPPAAAADKTQYF,KLGGALQAK,0.9621797
39,CSVGRDGTNEKLFF,GLCTLVAML,0.58061564
40,CASSQASHQPQHF,NLVPMVATV,0.8497375
41,CASSIGDYEQYF,GTSGSPIINR,0.07775112
42,CASSFDAEQFF,FLKEKGGL,0.306396
43,CASSYRTGELFF,KRWIILGLNK,0.24409586
44,CASSYDSGTGELFF,KLGGALQAK,0.9592991
45,CASSDSTGDSGANVLTF,EIYKRWII,0.07749042
46,CASSDLASGTDTQYF,IPSINVHHY,0.07193482
47,CSARDLAAQNTGELFF,YLQPRTFLL,0.51362467
48,CASSLREGYEQFF,KLGGALQAK,0.95048755
49,CASTPAVEGEETQYF,KLGGALQAK,0.9530838
50,CASSSLDVAGYEQYF,SGPLKAEIAQRLED,0.11125443
51,CASSLELDIQYF,SFHSLHLLF,0.2577631
52,CASSHTGSVNTEAFF,GILGFVFTL,0.80048484
53,CASSVGQGLVYEQFF,GTSGSPIINR,0.13617104
54,CATSEGNLDQPQHF,NLVPMVATV,0.934599
55,CASSLRTGAGAYGYTF,NLVPMVATV,0.8635593
56,CSVGRAQNEQFF,IPSINVHHY,0.07439426
57,CASSSGLVNSGTQYF,TPQDLNTML,0.12084712
58,CASSVYSNQPQHF,GILGFVFTL,0.86830205
59,CASSQGRDRHGYTF,KLGGALQAK,0.9663058
60,CASSLGQLREAFF,GILGFVFTL,0.7874205
61,CASSEWTVDGYTF,LPRRSGAAGA,0.11829118
62,CASGSLTGKDEQFF,ELAGIGILTV,0.7526399
63,CASSPGPWNEKLFF,IVTDFSVIK,0.3599728
64,CASSAGAAGELFF,KLVALGINAV,0.18311588
65,CASSKFSINEQFF,ARMILMTHF,0.118235976
66,CASGIGVGGYTF,ELAGIGILTV,0.8039801
67,CASSIHGLETQYF,GILGFVFTL,0.92788786
68,CASTTTGGETQYF,IVTDFSVIK,0.5388428
69,CASSFVGEGYEQYF,RAKFKQLL,0.72396946
70,CASSLASNEQFF,KLVALGINAV,0.12034684
71,CASSYSDSPTDTQYF,DPFRLLQNSQVFS,0.09601827
72,CASSMQPVGANVLTF,GTSGSPIVNR,0.09580825
73,CASSLVLGRETEAFF,KLVALGINAV,0.1320497
74,CASSYSTAGELFF,FPRPWLHGL,0.105017975
75,CASSLRDGSEAFF,YLQPRTFLL,0.28888398
76,CATKGGSEAFF,KLGGALQAK,0.95850474
77,CASSSGGPYNEQFF,GLIYNRMGAVTTEV,0.068290204
78,CASSPTGGGYEQYF,YVLDHLIVV,0.06771244
79,CASSFSGNTGELFF,RAKFKQLL,0.82744306
80,CASNPQGAGQPQHF,EIYKRWII,0.08814588
81,CSARDLEVLSYEQYF,KLGGALQAK,0.9599005
82,CASSPEYLQTDTQYF,ELAGIGILTV,0.7415069
83,CASSEEVSTEAFF,KRWIILGLNK,0.24266729
84,CASSPLLYEQFF,NLVPMVATV,0.9145259
85,CASSGTKETQYF,GLCTLVAML,0.5651968
86,CSSPGGPNEKLFF,GLCTLVAML,0.5439172
87,CASSSGGGGLDGYTF,KAFSPEVIPMF,0.19984853
88,CASSMKGFGNQPQHF,KLGGALQAK,0.97370493
89,CASSSTGYPQYF,FPRPWLHGL,0.07554284
90,CASSTLRYEQYF,NLSALGIFST,0.2501345
91,CASSPFRTGEQPQHF,VTEHDTLLY,0.30196655
92,CASSPGGLEQFF,ELAGIGILTV,0.79487187
93,CASNGGLAYEQYF,GLIYNRMGAVTTEV,0.08072859
94,CASSEEGTPSNQPQHF,AVFDRKSDAK,0.699742
95,CASPSQLRPQETQYF,NLVPMVATV,0.9246484
96,CASSDLASGTGEQFF,GTSGSPIINR,0.1388202
97,CASSGGEYGYTF,GPGHKARVL,0.07341375
98,CASSQETDLNYGYTF,KLGGALQAK,0.9597831
99,CASSLLVGDTQYF,KLGGALQAK,0.9548818
100,CASSSRSQHEQYF,LLQTGIHVRVSQPSL,0.11770944
101,CASSIGTGFTEQFF,GILGFVFTL,0.8857849
102,CASSLRGVWTDTQYF,NEGVKAAW,0.32115552
103,CASSDWGQGGYEQYF,AVFDRKSDAK,0.7198332
104,CASSPRGTDTQYF,KLGGALQAK,0.95526296
105,CASSTSEGGLFYEQYF,KLGGALQAK,0.9639944
106,CASSAMTGADTGELFF,KLGGALQAK,0.96009517
107,CASKDGISYEQYF,AVFDRKSDAK,0.65562063
108,CASSQYEAGAYNEQFF,RAKFKQLL,0.5840182
109,CASSLAPGGSGQETQYF,NLVPMVATV,0.9328892
110,CAWTLAGRDTGELFF,GLCTLVAML,0.6255146
111,CASSLVHRGHANTEAFF,FRDYVDRFYKTLRAEQASQE,0.4177006
112,CASSPIQDTEAFF,AVFDRKSDAK,0.6718083
113,CSGIAGNYNEQFF,KLGGALQAK,0.9597158
114,CASSPQDGFNEQFF,GLIYNRMGAVTTEV,0.07985213
115,CASSKRSNQPQHF,GILGFVFTL,0.9795801
116,CASSTRSGDTQYF,ARMILMTHF,0.07464793
117,CATSFTLSYEQYF,SGPLKAEIAQRLED,0.09843698
118,CASRAPGNTEAFF,RPPIFIRRL,0.07092895
119,CAISDQTSGNQPQHF,ATDALMTGY,0.2938531
120,CSVDADHNTGELFF,YLQPRTFLL,0.5722799
121,CASSRRGQPNTGELFF,KLGGALQAK,0.979416
122,CASSQDKRPGGELFF,NLVPMVATV,0.9339221
123,CASSIRSSYEQYF,SGPLKAEIAQRLED,0.05436723
124,CSALPGLAGSNEQFF,NLVPMVATV,0.9342393
125,CATSDPASGALQETQYF,KLGGALQAK,0.95742613
126,CASSQDGWAGDQPQHF,RAKFKQLL,0.72502923
127,CASSMGAYGYTF,GILGFVFTL,0.94764847
128,CSVEEGNRGGYEQYF,YLQPRTFLL,0.20888959
129,CASSSALAYEQYF,NLSALGIFST,0.26772904
130,CASSLGETQYF,GLIYNRMGAVTTEV,0.08870714
131,CSAVLDRGTGESYEQYF,NLVPMVATV,0.91849756
132,CASSLQGTQETQYF,KLGGALQAK,0.95551366
133,CASSQDGTSGFEQFF,VTEHDTLLY,0.2699863
134,CASSPMDTQYF,TPQDLNTML,0.14552121
135,CASSLWGGPTNEQYF,ELAGIGILTV,0.7641181
136,CASSTRSNTEAFF,GILGFVFTL,0.9421546
137,CASSQETGWGTEAFF,KLGGALQAK,0.93549323
138,CASSPFGSDEQFF,FLYNLLTRV,0.11740861
139,CASSRLAGESDTQYF,GLCTLVAML,0.54953974
140,CAISSRDGRTDNEQFF,KLGGALQAK,0.9772027
141,CASSLPQGEQYF,GLCTLVAML,0.5590514
142,CASSWGQMNTGELFF,MLNIPSINV,0.107544295
143,CASSSGTRRTDTQYF,KLGGALQAK,0.9727013
144,CASSVRSSYEQYF,IPSINVHHY,0.05040065
145,CASSIILGNTGELFF,YSEHPTFTSQY,0.13260116
146,CASSWDGNTEAFF,GTSGSPIVNR,0.11712816
147,CASSVGGVSYNEQFF,LPRRSGAAGA,0.12860127
148,CATSTGTSGSAETQYF,SFHSLHLLF,0.19235331
149,CASSWGGGSHYGYTF,IVTDFSVIK,0.51957184
150,CASSNRAADTQYF,AMFWSVPTV,0.058299564
151,CASRQGATYEQYF,FPRPWLHGL,0.07763108
152,CASSPMDTQYF,GLIYNRMGAVTTEV,0.07819996
153,CASSITGQGSTGELFF,KLGGALQAK,0.9654429
154,CASSPGTGLEKLFF,NLVPMVATV,0.933833
155,CASSTRLAGYNEQFF,DPFRLLQNSQVFS,0.07801047
156,CASSIGTELAKNIQYF,SLYNTVATL,0.099088125
157,CASSLTPPAVAGNEQFF,ELAGIGILTV,0.791163
158,CATSDPDREYKDNEQFF,FLYNLLTRV,0.11277231
159,CSARAGEGVYEQYF,ELAGIGILTV,0.76029885
160,CASSIRSSYEQYF,GILGFVFTL,0.9847222
161,CASSQQSGDTDTQYF,FRDYVDRFYKTLRAEQASQE,0.36398113
162,CASSLRGGTQYF,TPRVTGGGAM,0.13138574
163,CASSFLGDSAFF,ELAGIGILTV,0.7535937
164,CASSYGELRMNTEAFF,KLGGALQAK,0.95290583
165,CASSPRDRGGSNEKLFF,YLQPRTFLL,0.14000663
166,CASSQDGHGSSYNEQFF,LLLGIGILV,0.16280134
167,CASSILAPPADYGYTF,FLYNLLTRV,0.08837316
168,CSVRPPSDRVIRPEAFF,ELAGIGILTV,0.73913974
169,CSVVGVGYNEQFF,LLWNGPMAV,0.4080027
170,CASSLAADYEQYF,QVPLRPMTYK,0.12585816
171,CASSLGQSGANVLTF,KRWIILGLNK,0.2770331
172,CASSPLAGPANEQFF,QARQMVQAMRTIGTHP,0.103714645
173,CASSVGQVFYSGTF,KRWIILGLNK,0.26635095
174,CASSSFLTYEQYF,NLVPMVATV,0.9229342
175,CASSFGTAEEQFF,ELAGIGILTV,0.74050426
176,CASSFNIKGLNYGYTF,KLGGALQAK,0.95831025
177,CASSSQRESSDTQYF,YSEHPTFTSQY,0.072157845
178,CASSQEARGRSNTGELFF,PKYVKQNTLKLAT,0.40111554
179,CAGSLSNGYTF,NLSALGIFST,0.23942085
180,CASSPRQGEYYTDTQYF,KLGGALQAK,0.95692253
181,CASSPLPVSGMNTEAFF,LLQTGIHVRVSQPSL,0.26844734
182,CASSELRYNEQFF,GILGFVFTL,0.8304548
183,CASSLGGEQFF,VTEHDTLLY,0.34581563
184,CASSLYRVGYNEQFF,FLKEKGGL,0.20866589
185,CAYRGSNQPQHF,KLGGALQAK,0.96554714
186,CAISESRQGNYGYTF,ELAGIGILTV,0.7574313
187,CASSRTGTGGVEPQHF,ELAGIGILTV,0.7500888
188,CASSSEGGGEQFF,TPRVTGGGAM,0.16607085
189,CSARAAGGQDTQYF,YVLDHLIVV,0.072694
190,CASSRSGFGGRGYNEQFF,KLGGALQAK,0.972141
191,CANSIDYYSNQPQHF,KRWIIMGLNK,0.13548622
192,CASSSRRRGMNTEAFF,GPGHKARVL,0.06767857
193,CASKDGISYEQYF,YLQPRTFLL,0.24181743
194,CASTEAGGPGNEQFF,GTSGSPIINR,0.11252903
195,CASSWGVGQGFTGELFF,GILGFVFTL,0.8248066
196,CASSQDGGNEQFF,GLCTLVAML,0.5707201
197,CASSLRDRGARPNTEAFF,YSEHPTFTSQY,0.11992371
198,CSAWDREVVGTEAFF,GLCTLVAML,0.5536132
199,CASSKDSSTDTQYF,KLGGALQAK,0.963056
200,CASSKGRDLNEQYF,KLGGALQAK,0.9700603
201,CSAIPSYLSIGEQFF,NEGVKAAW,0.41523
202,CSARSRENPDNEQFF,KLGGALQAK,0.9687366
203,CASSQPGAGFGEKLFF,KLGGALQAK,0.9583905
204,CASSIRFSGANVLTF,GILGFVFTL,0.9571182
205,CASSFGQGLSGANVLTF,KRWIILGLNK,0.2605429
206,CASSHPGGQPQHF,NLVPMVATV,0.9213858
207,CASSMAWDRTDTQYF,KAFSPEVIPMF,0.16293338
208,CASRLRHRASPLHF,ELAGIGILTV,0.7173605
209,CASSVVAGPYNEQFF,NEGVKAAW,0.376737
210,CASSPTSNTEAFF,KLGGALQAK,0.95341396
211,CSVDNSYEQYF,LLQTGIHVRVSQPSL,0.25704238
212,CAWGGLDGEQFF,GLCTLVAML,0.59838694
213,CASSSPGGESPLHF,TPRVTGGGAM,0.13780814
214,CASSDSGELFF,NLVPMVATV,0.92468977
215,CASSLRAGSYNEQFF,KLGGALQAK,0.9628174
216,CASSPAGPGMNTEAFF,ATDALMTGY,0.249439
217,CASSQAATGSYEQYF,GPGHKARVL,0.07541801
218,CASSINTFGDEQYF,ELAGIGILTV,0.8187349
219,CASSLASVTFAAEQFF,GTSGSPIIDK,0.07859359
220,CASSPTSGANLNEQFF,QVPLRPMTYK,0.104567654
221,CSAWTGTEAFF,GLCTLVAML,0.58667487
222,CASSIIKGNQPQHF,SGPLKAEIAQRLED,0.059398297
223,CATSSRLNNEQFF,AVFDRKSDAK,0.760801
224,CASSPLSNQPQHF,GLIYNRMGAVTTEV,0.078981854
225,CASSLAPDRVEGQPQHF,VTEHDTLLY,0.2847672
226,CSAMTSGSSYEQYF,VTEHDTLLY,0.26649198
227,CASSPTHRYNEQFF,LLQTGIHVRVSQPSL,0.23595743
228,CSARQQGDTGELFF,KLGGALQAK,0.9613418
229,CASSTRAGGVGQFF,TPGPGVRYPL,0.062075824
230,CSADGTHTPTDTQYF,AVFDRKSDAK,0.6978048
231,CARVSGLGMYNEQFF,GPGHKARVL,0.080683
232,CSARDPGTGESDTQYF,NLVPMVATV,0.8675861
233,CASSPMDTQYF,NEGVKAAW,0.363746
234,CAWSPTGMGTEAFF,GTSGSPIVNR,0.11880229
235,CATRGQSTHGYTF,SFHSLHLLF,0.17991441
236,CASSKQGESNSPLHF,LLWNGPMAV,0.38249367
237,CASSQTQLWETQYF,AVFDRKSDAK,0.69067436
238,CASSQDPGSGNTIYF,KLGGALQAK,0.962301
239,CASSISSTGELFF,GILGFVFTL,0.94814986
240,CASSVVGGRYGYTF,GTSGSPIVNR,0.08789533
241,CASSLGTAGFEQFF,KLGGALQAK,0.9559616
242,CASSYTFRDTKETQYF,GTSGSPIIDK,0.07131757
243,CSARDPSGRLWDTQYF,GLCTLVAML,0.5632357
244,CASSSQGARNQPQHF,SLYNTVATL,0.084527865
245,CASSFRSTDTQYF,FRDYVDRFYKTLRAEQASQE,0.29687858
246,CASSLYTSNNEQFF,SLYNTVATL,0.12528345
247,CASSSGSYGYTF,EIYKRWII,0.058870062
248,CASSLFQGSSPLHF,NLVPMVATV,0.9105543
249,CATRLGGGSQPQHF,KRWIILGLNK,0.3302863
250,CAISEPDRGLGYTF,ELAGIGILTV,0.76031244
251,CASSLVYGSGYSPLHF,KLGGALQAK,0.95549244
252,CASSLGQGVFYTF,IVTDFSVIK,0.39223313
253,CASSPLAGENYNEQFF,KLVALGINAV,0.11135704
254,CASRLGTGGPSYGYTF,LLLGIGILV,0.19907098
255,CASDGQGNGYTF,AVFDRKSDAK,0.7165973
256,CASGIQGIEPQHF,KLGGALQAK,0.96569365
257,CASSLGTVDSYEQYF,GILGFVFTL,0.8222809
258,CASSTPGRSFEAFF,AMFWSVPTV,0.101274095
259,CASSPKQGLAGGNEQFF,KLGGALQAK,0.952924
260,CASSLTLAAYNEQFF,GTSGSPIIDK,0.072828785
261,CASSFTETQYF,KLVALGINAV,0.10983617
262,CASSTQSGTASGELFF,KLGGALQAK,0.9611845
263,CASSFGTVYNEQFF,KLGGALQAK,0.96093094
264,CASSFGEGVPYEQYF,KLGGALQAK,0.9518035
265,CASSHSGTAYEQYF,AVFDRKSDAK,0.6764404
266,CSAGQGPYEQYF,RAKFKQLL,0.805745
267,CATSGITRELFF,TPRVTGGGAM,0.11064209
268,CASRGGQISYEQYF,KRWIILGLNK,0.3224352
269,CASSIFGGSAYNEQFF,GILGFVFTL,0.8988844
270,CASSPHFQVDTGELFF,RAKFKQLL,0.812983
271,CASTLRGQGDWRNSPLHF,NEGVKAAW,0.34145164
272,CASTTRRFGKGATDTQYF,RPPIFIRRL,0.07001916
273,CASTSRLRTGTEETQYF,GILGFVFTL,0.79143906
274,CSARETGAAGETQYF,ATDALMTGY,0.28612998
275,CASSFYFTGAPYYEQFF,GILGFVFTL,0.8074172
276,CASSQGTSGFWQFF,GILGFVFTL,0.8507934
277,CASSLEETQYF,LLQTGIHVRVSQPSL,0.2804466
278,CSVEQGAIGYTF,GILGFVFTL,0.8607388
279,CASSPTGGPGDTQYF,GTSGSPIVNR,0.108470984
280,CASSGDRPRYEQYF,EPLPQGQLTAY,0.07314814
281,CASSMLAGGPTDTQYF,KLGGALQAK,0.9584161
282,CASSIIGVNEQFF,FPRPWLHGL,0.054471187
283,CASSSLNTEAFF,RAKFKQLL,0.7064848
284,CASSIFGGQPQHF,KAFSPEVIPMF,0.23857468
285,CASSSGGREQYF,ELAGIGILTV,0.8069006
286,CASSSDRRQETQYF,FRDYVDRFYKTLRAEQASQE,0.2609176
287,CASSDGAGTWDTQYF,GLCTLVAML,0.56778735
288,CASSQGAGELFF,ELAGIGILTV,0.8093413
289,CASSELAGLGDTQYF,FLKEKGGL,0.31250024
290,CASSAGGTPDQPQHF,NLVPMVATV,0.91063863
291,CASSLRRGPDTGELFF,VTEHDTLLY,0.27450374
292,CASIPDRVTEAFF,LPRRSGAAGA,0.1310756
293,CASSPNSNQPQHF,KLGGALQAK,0.94782716
294,CSVGPGRPGYTF,SFHSLHLLF,0.19418955
295,CASSEGSTDTQYF,YVLDHLIVV,0.06609194
296,CASSQDIVASSGTDTQYF,KLGGALQAK,0.9601979
297,CASSTRDRFYEQYF,KLGGALQAK,0.97533005
298,CASSIVGVSEQYF,GILGFVFTL,0.90103644
299,CASSEDRGIRYEQYF,NEGVKAAW,0.32052624
300,CATSDGLNTGELFF,KLGGALQAK,0.95694834
301,CASSEQGAPYNEQFF,NLVPMVATV,0.9271604
302,CASSPGTEHGYTF,RAKFKQLL,0.6385862
303,CASSPTGAYEQYF,FPRPWLHGL,0.09106972
304,CASSLRAGMNTEAFF,NLVPMVATV,0.8891806
305,CASSIRSHYEQYF,SGPLKAEIAQRLED,0.054778356
306,CASSQSGTREYEQYF,KLGGALQAK,0.969414
307,CASSIYSRGDEQFF,FLKEKGGL,0.09098215
308,CASSSRSSYEQYF,GILGFVFTL,0.9812211
309,CASSWGGGSHYGYTF,KAFSPEVIPMF,0.19025172
310,CASSREWGSNQPQHF,LPRRSGAAGA,0.09500481
311,CASSQSPGGTQYF,GTSGSPIVNR,0.1054443
312,CASTTIHGGVTDYGYTF,GILGFVFTL,0.888867
313,CASSYRGLDNEQFF,NLVPMVATV,0.9135535
314,CASSLHTNNQPQHF,LPRRSGAAGA,0.13901325
315,CASRGPGTGSDWYF,KLGGALQAK,0.9584701
316,CASSLVTYPTDTQYF,FPRPWLHGL,0.090481095
317,CASSFAGQGSTEAFF,NLVPMVATV,0.9116838
318,CASSVEGVGTSTDTQYF,NEGVKAAW,0.31642374
319,CASSIRSAYEQYF,VTEHDTLLY,0.11861028
320,CASSSRTGYEQYF,NLVPMVATV,0.86656934
321,CASSLTTEQQFF,GLCTLVAML,0.587194
322,CAISEGGINTEAFF,KLGGALQAK,0.9518986
323,CASSTRSAYEQYF,GILGFVFTL,0.97416216
324,CSVNRWGNEKLFF,NLVPMVATV,0.8793441
325,CASSPGVRWGQYF,FLYNLLTRV,0.110549815
326,CASSLPGQGAGELFF,KLGGALQAK,0.9559817
327,CASSQRPSEVGELFF,EPLPQGQLTAY,0.060377125
328,CAGTPREGQGLREQYF,KLVALGINAV,0.13379851
329,CAWSIKQGEETQYF,KLGGALQAK,0.9589455
330,CASSLLGTDQETQYF,GPGHKARVL,0.09756737
331,CASSLGQGRNEQFF,RLRAEAQVK,0.3694082
332,CASSQEGHIEAFF,PKYVKQNTLKLAT,0.41723052
333,CASSFGGAETQYF,ELAGIGILTV,0.7329773
334,CASSGTGNQPQHF,GTSGSPIINR,0.11463385
335,CASSPRTSQHEQYF,NLSALGIFST,0.23734568
336,CSAHPEEGEQYF,PKYVKQNTLKLAT,0.52121854
337,CASRAFIGAGSSDYTF,GLCTLVAML,0.6214171
338,CSADTGAPSYGYTF,EPLPQGQLTAY,0.06414726
339,CASSRGASRETQYF,YSEHPTFTSQY,0.07627581
340,CASSSGQGLDTQYF,NLVPMVATV,0.9361024
341,CATSRRPGDSTNTGELFF,KLGGALQAK,0.96050906
342,CASSLPGYEQYF,KLGGALQAK,0.94073296
343,CASSQLGGQHEQYF,SGPLKAEIAQRLED,0.13480034
344,CASSLGAGTVGYEQYF,GTSGSPIINR,0.109053664
345,CSARPRDRGINEQFF,NLSALGIFST,0.2811588
346,CSAPTGGGLYNEQFF,YVLDHLIVV,0.065981366
347,CASNEQFSHSPLHF,YSEHPTFTSQY,0.15972333
348,CASSLRGIDEQYF,FPRPWLHGL,0.10763518
349,CASSPLGPNYEQYF,KLGGALQAK,0.9502224
350,CSAMYGVNSPDTQYF,KRWIIMGLNK,0.1360508
351,CASSPSDPGANVLTF,GLCTLVAML,0.5729905
352,CASSLLQGLDSPLHF,KLGGALQAK,0.9442898
353,CASGGQYNEQFF,KLGGALQAK,0.96298295
354,CASSEATGGYEQYF,GILGFVFTL,0.81726706
355,CSAPRLEYNEQFF,EIYKRWII,0.09992368
356,CASSEEAGEYNEQFF,RLRAEAQVK,0.30272952
357,CASSAYSGTGPQPQHF,EPLPQGQLTAY,0.069308996
358,CASSGHRGVGETQYF,VTEHDTLLY,0.23602745
359,CASSPYGGHGELFF,KLGGALQAK,0.9537568
360,CARGGTGYNEQFF,SFHSLHLLF,0.17519788
361,CASSIFEGQETQYF,FLYNLLTRV,0.100296505
362,CASSQGPGNTEAFF,GILGFVFTL,0.802099
363,CASSLTDRLNEQFF,FPRPWLHGL,0.10434583
364,CASSLGLEGWDEAFF,KRWIIMGLNK,0.18684882
365,CASSLAPGATNEKLFF,NLVPMVATV,0.8863266
366,CRMRGPANTEAFF,ISPRTLNAW,0.0850259
367,CASSQQGYTEAFF,NLVPMVATV,0.92236066
368,CSARDLGETFF,NLVPMVATV,0.92813146
369,CASSIRSSYEQYF,GILGFVFTL,0.9847222
370,CASRLGQGAHTGELFF,KRWIILGLNK,0.3652529
371,CASSLAPGQGPETQYF,GLIYNRMGAVTTEV,0.07671268
372,CASRKGTSGSGKQYF,GTSGSPIIDK,0.061685324
373,CASSVAGRGQETQYF,NLVPMVATV,0.9089988
374,CATQGLNTGELFF,YLQPRTFLL,0.61242104
375,CASSARDTSYEQYF,GTSGSPIINR,0.07876888
376,CASSSPGTGNEQFF,NEGVKAAW,0.40103245
377,CASSQDHRMGGHEKLFF,KLGGALQAK,0.94860524
378,CASSYAPGEAFF,DATYQRTRALVR,0.2207768
379,CSATPRDRAFPEAFF,ELAGIGILTV,0.73195404
380,CASSDLTGTVYNEQFF,GTSGSPIIDK,0.06660187
381,CASRTGLASTDTQYF,LPRRSGAAGA,0.113304086
382,CASSLQQGVYEQYF,PKYVKQNTLKLAT,0.4328145
383,CSVRLGFTDTQYF,KLGGALQAK,0.96103066
384,CASTGGDRTYYEQYF,LLLGIGILV,0.19360107
385,CASSFPRTKNTEAFF,YVLDHLIVV,0.07327249
386,CASSLLWEGPDEQFF,KLGGALQAK,0.9465409
387,CASSLDWGNTIYF,GILGFVFTL,0.8383124
388,CASRRLAGVEQETQYF,ARMILMTHF,0.08923533
389,CASSYVRASYGYTF,GLIYNRMGAVTTEV,0.050711967
390,CASSPSRDREFLYIQYF,KLGGALQAK,0.9594916
391,CASSSADGSYEQYF,KLGGALQAK,0.94997317
392,CASSFRATSENTGELFF,CINGVCWTV,0.27589354
393,CASSIGYYGYTF,GILGFVFTL,0.9699083
394,CASSLSGQGNTEAFF,KLGGALQAK,0.9510229
395,CASSQVNIRGNEQYF,TPQDLNTML,0.14688039
396,CAWSVGLGRQPQHF,PKYVKQNTLKLAT,0.4986273
397,CASSLGGSPRELFF,TPQDLNTML,0.16718887
398,CASSQVSETQYF,QVPLRPMTYK,0.10846513
399,CASSFGAGANQETQYF,IPSINVHHY,0.070276275
400,CASSIFGGAEAFF,GILGFVFTL,0.84671533
401,CASSDYRGDFAGELFF,KLGGALQAK,0.9637944
402,CASRSGDTNTGELFF,ATDALMTGY,0.28694806
403,CANCRWAPAPYEQYF,LPRRSGAAGA,0.13407703
404,CASSSYSYEQYF,DATYQRTRALVR,0.12870301
405,CASSPKTSGTSYEQYF,GLCTLVAML,0.57003075
406,CSVVHGELFF,KLGGALQAK,0.95307976
407,CATLAVDSYEQYF,KLGGALQAK,0.9542853
408,CASSTGIYGYTF,FPRPWLHGL,0.06153109
409,CASSYAGPSEKLFF,KLGGALQAK,0.95698535
410,CASSIRSSCEQYF,HPKVSSEVHI,0.04912571
411,CASRPGQHTGELFF,KRWIIMGLNK,0.19014685
412,CAPRPGPRSTDTQYF,NLVPMVATV,0.91625684
413,CASSIRSTGELFF,GILGFVFTL,0.9744863
414,CASSQEAPPIYNEQFF,KLGGALQAK,0.9490869
415,CSALHRDSGNTIYF,NLVPMVATV,0.89817667
416,CASSLGVNTGELFF,ELAGIGILTV,0.8010529
417,CSVGLAGSYNEQFF,KRWIIMGLNK,0.14979431
418,CASSLGMFDQPQHF,FLKEKGGL,0.31309173
419,CASSLSHEQFF,FLKEKGGL,0.29368922
420,CASSVSSGQPQHF,KLGGALQAK,0.9527175
421,CASSHQGSSSYEQYF,KLGGALQAK,0.95311
422,CASSQDSGVLSETQYF,KLGGALQAK,0.953841
423,CASSYRVGDTGELFF,KLGGALQAK,0.9739414
424,CASSLTDSQETQYF,ELAGIGILTV,0.7299106
425,CASSTRSSYEQYF,IPSINVHHY,0.049847994
426,CASGRDSQPNYNSPLHF,KLGGALQAK,0.9600343
427,CASSIRSTDTQYF,GILGFVFTL,0.97887224
428,CASSSTGGTHNEQFF,TPRVTGGGAM,0.13773955
429,CASSLFGRDLGGYTF,GILGFVFTL,0.8077601
430,CASSWGGGSHYGYTF,RAKFKQLL,0.64690095
431,CASSLSGQLDEQFF,ARMILMTHF,0.1819666
432,CASSSGTGLNTEAFF,AVFDRKSDAK,0.72343266
433,CASSPGTGAYEQYF,ATDALMTGY,0.2811045
434,CASSYYSGGTETQYF,NEGVKAAW,0.2924839
435,CASSLATGTEAFF,KLGGALQAK,0.93711495
436,CASSSLGWGVTDTQYF,KAFSPEVIPMF,0.21977909
437,CASSMRSGVEQYF,GILGFVFTL,0.98255646
438,CASSSGQGNIQYF,RLRAEAQVK,0.32375795
439,CSVEDLRRSSYNEQFF,KLGGALQAK,0.96926886
440,CASSLGPNRGAEQYF,GILGFVFTL,0.80919254
441,CASSFSGNTGELFF,RAKFKQLL,0.82744306
442,CASSTTSGGANEQYF,ELAGIGILTV,0.80000174
443,CASSPRDRANTEAFF,SFHSLHLLF,0.19690046
444,CASSLASGITDTQYF,NLVPMVATV,0.91920555
445,CASSLSGSLTNTEAFF,KLGGALQAK,0.94337624
446,CASSLGQNTEAFF,FLRGRAYGL,0.09833047
447,CASKNGGQLYTDTQYF,KLGGALQAK,0.9616764
448,CASSIRASYEQYF,EIYKRWII,0.04805532
449,CASSQTLAGGPWETQYF,YSEHPTFTSQY,0.13733818
450,CASSNHRDRDTDTQYF,NLVPMVATV,0.827209
451,CASSRGPNYEQYF,GLCTLVAML,0.59773535
452,CASSIRSSYEQYF,KLGGALQAK,0.93084896
453,CASSPSEATNTGELFF,GTSGSPIVNR,0.15898658
454,CASSLTRGTEAFF,SLYNTVATL,0.11379359
455,CASSSKEGNTEAFF,FRDYVDRFYKTLRAEQASQE,0.26756766
456,CASSLWYNQPQHF,AMFWSVPTV,0.1267243
457,CASGPVQDLTGINEKLFF,KLGGALQAK,0.95108414
458,CASSSMVAGEYEQFF,RAKFKQLL,0.60038453
459,CASSVARTGTNTGELFF,SLYNTVATL,0.16252792
460,CATSGDFGNTIYF,SGPLKAEIAQRLED,0.07544187
461,CASSLPSGGTNNEQFF,RPPIFIRRL,0.07761793
462,CSVDLEANYGYTF,GTSGSPIIDK,0.07008848
463,CASSQGSRPQETQYF,KLGGALQAK,0.97093886
464,CASSRDRGEDTQYF,KLGGALQAK,0.9745977
465,CATSGETIDGYTF,MLNIPSINV,0.07471471
466,CASSLTDTQYF,NLVPMVATV,0.922363
467,CASKSEKGAGGSPLHF,GILGFVFTL,0.8488841
468,CASAPDGFFYGYTF,RAKFKQLL,0.70892555
469,CASSMVGGSYNEQFF,NLSALGIFST,0.19978635
470,CASSVLAGGSTDTQYF,GLIYNRMGAVTTEV,0.0830664
471,CASSSQELVVHNEQFF,KLGGALQAK,0.9501095
472,CASSLSRREGHEQFF,CINGVCWTV,0.14390251
473,CASSPMDTQYF,PKYVKQNTLKLAT,0.45737123
474,CASRDTPYGYTF,NLVPMVATV,0.9248074
475,CASSIRASWEQYF,GILGFVFTL,0.98448056
476,CASSSSQEALTDTQYF,GTSGSPIVNR,0.11887998
477,CASSLPSSWNYGYTF,MLNIPSINV,0.07681527
478,CASSIRSSYEQYF,GILGFVFTL,0.9847222
479,CSSPGGPNEKLFF,GTSGSPIVNR,0.11131042
480,CATSRDRYNEQFF,NLVPMVATV,0.8554509
481,CASSLGQGAYEQYF,AVFDRKSDAK,0.687587
482,CASSQDRRDTYTYEQYF,EIYKRWII,0.077206336
483,CASSHTGLGQPQHF,ELAGIGILTV,0.77336645
484,CASSPRERQETQYF,GPGHKARVL,0.094285876
485,CASRGVFGAGLTDTQYF,QARQMVQAMRTIGTHP,0.09463544
486,CSARDRVGNTIYF,GLCTLVAML,0.65581614
487,CASNELNTGELFF,YLQPRTFLL,0.6376232
488,CASSSGLVSNTGELFF,DPFRLLQNSQVFS,0.14733829
489,CASSQSVSGANVLTF,KLGGALQAK,0.9654138
490,CASSEWARGSGELFF,FRDYVDRFYKTLRAEQASQE,0.37504476
491,CASSADPSQGDGNYGYTF,KLGGALQAK,0.95773846
492,CSALSSGGRTDTQYF,LLWNGPMAV,0.41068497
493,CASSLHETGMNTEAFF,VTEHDTLLY,0.26522502
494,CASSYDTTYEQYF,LLWNGPMAV,0.3913079
495,CASRWTGGDTEAFF,TPGPGVRYPL,0.07838788
496,CSATARQGGMEQYF,HPKVSSEVHI,0.06994587
497,CASSLGGGNNEQFF,RLRAEAQVK,0.4146152
498,CASSPDIEQYF,YLQPRTFLL,0.4734295
499,CSARDRFLASGSRHTQYF,AMFWSVPTV,0.081868924
500,CASSSKEGVLLHF,RLRAEAQVK,0.2531316
501,CASVPRPGDSTDTQYF,FRDYVDRFYKTLRAEQASQE,0.28085998
502,CASSLGGTDTQYF,KLGGALQAK,0.94896823
503,CASSSSSGRTTDTQYF,KRWIILGLNK,0.16633941
504,CASRSLLQETQYF,KLGGALQAK,0.9609282
505,CASSGTGGKNTEAFF,KLGGALQAK,0.94503075
506,CSVEPPETQYF,GLCTLVAML,0.5154025
507,CASANSVNEQFF,DPFRLLQNSQVFS,0.10621335
508,CASKPSNSRTDTQYF,KLGGALQAK,0.9554517
509,CASQDRRSGNTIYF,KLGGALQAK,0.96370107
510,CSVPKTGSYEQYF,YVLDHLIVV,0.06738578
511,CASSTTGFSYNEQFF,KLGGALQAK,0.9558702
512,CASSRDRASFTGELFF,KLGGALQAK,0.9715146
513,CASSSLQGNGQPQHF,YVLDHLIVV,0.078783795
514,CASSLSGRPYEQYF,AVFDRKSDAK,0.73486847
515,CATSRDAPPRVSTDTQYF,KLGGALQAK,0.9621932
516,CASSLDPVNEQFF,TPQDLNTML,0.14862259
517,CASSSTGPSSYEQYF,FRDYVDRFYKTLRAEQASQE,0.30017427
518,CASSLLWAEYNEQFF,EPLPQGQLTAY,0.09165524
519,CASSTHGGAWQYF,SLYNTVATL,0.08424815
520,CASSPGLGYEKLFF,HPKVSSEVHI,0.07556827
521,CASSLVGTGRTDTQYF,EPLPQGQLTAY,0.08300272
522,CSVGGTFYGYTF,GILGFVFTL,0.8290982
523,CASSSSLAGDQPQHF,RAKFKQLL,0.749067
524,CASQKRGDTDTQYF,GLIYNRMGAVTTEV,0.06543411
525,CASRSLLGTRVETEAFF,RPRGEVRFL,0.075405456
526,CASRTLAGGSSEQFF,ELAGIGILTV,0.7813922
527,CASSSPAEGGQPQHF,FLRGRAYGL,0.09207574
528,CASSSHERQGQNSPLHF,TPRVTGGGAM,0.09774521
529,CASSLDLGRGTEAFF,KLGGALQAK,0.9378971
530,CSARDQYRMNTGELFF,GTSGSPIIDK,0.064726695
531,CASSSRDSQNQPQHF,RLRAEAQVK,0.12984139
532,CASSVFGELFF,NEGVKAAW,0.47098863
533,CASSSSGQTYGYTF,KLGGALQAK,0.9620378
534,CATSAVGTGGSGYGYTF,YSEHPTFTSQY,0.10365734
535,CASSIGSYGYTF,KLGGALQAK,0.96317345
536,CATSRERDTSYEQYF,KAFSPEVIPMF,0.16070001
537,CATSRGTSETHTGELFF,ELAGIGILTV,0.75970036
538,CASSPGQGYEKLFF,KLGGALQAK,0.955565
539,CASGFTDAGATNYGYTF,IVTDFSVIK,0.44698507
540,CASSFSGNTGELFF,LLWNGPMAV,0.46524304
541,CASSLGSSGTRQYF,TPRVTGGGAM,0.10582476
542,CATEDSYNSPLHF,NLVPMVATV,0.9159917
543,CASSRLAGGFDEQFF,CINGVCWTV,0.1755253
544,CASSFWREPTYEQYF,KLVALGINAV,0.11307219
545,CSVGPPEAFF,NLVPMVATV,0.9213079
546,CASSSGTGANTEAFF,KLGGALQAK,0.9440452
547,CASGYWKLAGGPQETQYF,LLLGIGILV,0.20819297
548,CASSLGTGPSYEQYF,GLIYNRMGAVTTEV,0.08232312
549,CASSLGGGDNEKLFF,LLLGIGILV,0.20859674
550,CASSPGTALYEQYF,FLKEKGGL,0.32016298
551,CASSEVVSTTYEQYF,ELAGIGILTV,0.7256351
552,CAISESWGGAEAFF,KLGGALQAK,0.94510674
553,CASSQSPGGTQYF,SLYNTVATL,0.106583
554,CASSERKFETSTDTQYF,IVTDFSVIK,0.38534725
555,CASSVGVETGEQYF,SLYNTVATL,0.22400008
556,CASSLTVLYGYTF,KLGGALQAK,0.9570826
557,CASSFEQGGEAQHF,KLGGALQAK,0.9476292
558,CASGQGDNEQYF,IVTDFSVIK,0.44865
559,CASSFLLAGVETQYF,TPQDLNTML,0.14747332
560,CASREDRGVSKAEQYF,SFHSLHLLF,0.1855271
561,CSARGQAITEKPFF,GLCTLVAML,0.6129455
562,CSAHWGLESSPLHF,GTSGSPIVNR,0.13315274
563,CASSWDRVSNQPQHF,GLCTLVAML,0.51198155
564,CASSLVGGRNGYTF,NLVPMVATV,0.8767144
565,CASSPVAGATNEKLFF,CINGVCWTV,0.17206283
566,CATRFGNTIYF,ELAGIGILTV,0.7635404
567,CSAPDRDTEAFF,GTSGSPIVNR,0.13256055
568,CASSLEVSGDDEQFF,GLIYNRMGAVTTEV,0.07746716
569,CASFTREGRGGYTQYF,RLRAEAQVK,0.39092276
570,CASSIRAGNEQFF,IPSINVHHY,0.055023134
571,CASRILPDRDGDTEAFF,DPFRLLQNSQVFS,0.08963628
572,CASRIAHEQYF,EIYKRWII,0.053752996
573,CASSAQQGLSSYEQYF,RAKFKQLL,0.7171469
574,CATSDAPGTGIPYEQYF,IPSINVHHY,0.07310684
575,CASRVGTGNLYEQYF,SLYNTVATL,0.13793813
576,CASSEGQSTNEKLFF,GLCTLVAML,0.5693673
577,CASSHQTSSYNEQFF,KLGGALQAK,0.9609905
578,CASSQEIPYEQYF,GLCTLVAML,0.5127712
579,CASSLSGSYEQYF,SFHSLHLLF,0.21123928
580,CASSLGLGLDNEQFF,KLGGALQAK,0.94963646
581,CASRPNLGGTTEAFF,LPRRSGAAGA,0.12854837
582,CASSLELPHPDEQFF,HPKVSSEVHI,0.09184184
583,CATIPTGSTDTQYF,IVTDFSVIK,0.44979602
584,CSVQRGGFETQYF,NLSALGIFST,0.20521958
585,CASSLGTSYEQYF,ATDALMTGY,0.30242574
586,CASSFVNQETQYF,ATDALMTGY,0.27058727
587,CASKMGAEAFF,GPGHKARVL,0.07966305
588,CASSPGGLAGADTQYF,EIYKRWII,0.07606381
589,CSARDRLAGDTDTQYF,NLVPMVATV,0.89156663
590,CASSLGTGKPQHF,KLGGALQAK,0.9562326
591,CASSWGGEAFF,FRDYVDRFYKTLRAEQASQE,0.36013088
592,CSGGPLETQYF,TPQDLNTML,0.14452356
593,CASSYSQGWRNYGYTF,KLGGALQAK,0.95734805
594,CASSFTVNYGYTF,AVFDRKSDAK,0.7014512
595,CASSLKGDGEQYF,IVTDFSVIK,0.430834
596,CASSDSAGDGGELFF,NEGVKAAW,0.5484497
597,CASSSGGEQYF,NLVPMVATV,0.93868804
598,CASSESLGTGELFF,IVTDFSVIK,0.52274513
599,CSFRDLSSYNEQFF,DATYQRTRALVR,0.20224462
600,CASSMRSGSKQYF,FRDYVDRFYKTLRAEQASQE,0.48081124
601,CASSMDRGSADTQYF,RLRAEAQVK,0.22086789
602,CASSLTSIAEAFF,KRWIIMGLNK,0.11086373
603,CASSFNGQSNQPQHF,GPGHKARVL,0.09089187
604,CSARDGRREYEQYF,KLGGALQAK,0.94732946
605,CASLRADTQYF,GILGFVFTL,0.8395895
606,CASSGRYFYGYTF,KLGGALQAK,0.9624758
607,CASSVGTVKNQPQHF,CINGVCWTV,0.21916622
608,CATSGFPDTQYF,YVLDHLIVV,0.063298404
609,CASSLLGYNEQFF,GTSGSPIIDK,0.086273916
610,CASRGDLEGYTF,PKYVKQNTLKLAT,0.39899218
611,CASSLVGGDEQYF,KRWIILGLNK,0.3859222
612,CASSLAPSGGDEQYF,GPGHKARVL,0.08365344
613,CATSDLKVHSGNYGYTF,CINGVCWTV,0.15928574
614,CASSWGGGSHYGYTF,IVTDFSVIK,0.51957184
615,CASSLGASGGRYNEQFF,ISPRTLNAW,0.068979174
616,CASSPSTKYTGELFF,NLVPMVATV,0.93141073
617,CASSARTSGGSDTQYF,FRDYVDRFYKTLRAEQASQE,0.8254169
618,CASSSRASYEQYF,FLYNLLTRV,0.05166165
619,CSAWDREVVGTEAFF,GILGFVFTL,0.74477196
620,CASGGRNYNEQFF,NEGVKAAW,0.3129876
621,CASSFRGSYNEQFF,NLVPMVATV,0.9327632
622,CASSIISGVEQFF,RPPIFIRRL,0.047353193
623,CASSSGQGNIQYF,CINGVCWTV,0.26862
624,CASSLEQGAFTEAFF,KLGGALQAK,0.94807464
625,CAWSNGGRAEAFF,GILGFVFTL,0.7878645
626,CARLGSSAFF,TPQDLNTML,0.18601899
627,CASSPTTGASYGYTF,NLVPMVATV,0.9038286
628,CASSLGGGNTEAFF,GPGHKARVL,0.09527765
629,CASSLYDSYGYTF,GLCTLVAML,0.5434649
630,CASSLGSGTEAFF,LLQTGIHVRVSQPSL,0.30678904
631,CASSSGQANYYGYTF,QARQMVQAMRTIGTHP,0.07841689
632,CASSIRAAYEQYF,GTSGSPIVNR,0.05505612
633,CASSLGGPLYEQYF,ELAGIGILTV,0.7637582
634,CASSNGGAQETQYF,AVFDRKSDAK,0.7299809
635,CASSGRSTDTQYF,ATDALMTGY,0.1575086
636,CASSPDGSQETQYF,SGPLKAEIAQRLED,0.1019855
637,CASSLGQGGYEQYF,KLGGALQAK,0.95161134
638,CASSELASGTGEQFF,FRDYVDRFYKTLRAEQASQE,0.44905397
639,CASSLFAGGPDTQYF,GTSGSPIVNR,0.1248954
640,CASSLFLAAQETQYF,AVFDRKSDAK,0.67762405
641,CASSLRDGSEAFF,GTSGSPIIDK,0.07570612
642,CASSQDPHNEQFF,LPRRSGAAGA,0.1355382
643,CSVERTSIYNEQFF,NLVPMVATV,0.93063015
644,CASSGRSNTEAFF,GILGFVFTL,0.93290955
645,CASSPRDGFNQPQHF,KLGGALQAK,0.9550471
646,CASSHRSGQPQHF,GILGFVFTL,0.96836245
647,CASSWGTGEPEAFF,KLGGALQAK,0.9360373
648,CASSVAVGTGSGANVLTF,GLCTLVAML,0.6723685
649,CASSSVNEQFF,DATYQRTRALVR,0.20850141
650,CASSLEVAGGEETQYF,RAKFKQLL,0.7018696
651,CASSVRSSMNTEAFF,GLCTLVAML,0.58859694
652,CASSWTSGSGDTQYF,KLGGALQAK,0.9637623
653,CASSLGPDEKLFF,GTSGSPIINR,0.12503323
654,CASSIRSGYGYTF,EPLPQGQLTAY,0.073938765
655,CASSLGSPLTGELFF,KRWIIMGLNK,0.23262541
656,CAYPGLYGYTF,IVTDFSVIK,0.37964916
657,CASSLYTGELFF,RPRGEVRFL,0.10070825
658,CASSYKGAQETQYF,RPPIFIRRL,0.064407155
659,CASSASGTFLGNEQFF,MLNIPSINV,0.08559209
660,CASSLLNTEAFF,KLGGALQAK,0.9457548
661,CASRRSGLAPAGELFF,NLSALGIFST,0.13309406
662,CASSLGGIGQPQHF,ELAGIGILTV,0.8052183
663,CASSIGLYGYTF,TPGPGVRYPL,0.05238147
664,CASSLNIWDGDGNTIYF,IVTDFSVIK,0.4046214
665,CASSIGTGNTEAFF,KLGGALQAK,0.9566015
666,CASSGLGQTYEQYF,QARQMVQAMRTIGTHP,0.13913167
667,CASSEFGRNYGYTF,KLGGALQAK,0.9538593
668,CASSLDPVNTQYF,SLYNTVATL,0.18465024
669,CASSIRSSYEQYF,GILGFVFTL,0.9847222
670,CASSIRASHEQFF,GILGFVFTL,0.9806465
671,CASRGAGELFF,KLGGALQAK,0.96240854
672,CASRSQEGSNYGYTF,RPPIFIRRL,0.05614603
673,CASSQGTDTQYF,KLGGALQAK,0.9617573
674,CASRGGGELFF,FRDYVDRFYKTLRAEQASQE,0.5147693
675,CASSSDHRGGYTF,TPGPGVRYPL,0.06525486
676,CASSPGLLSGELFF,KLGGALQAK,0.95425534
677,CASSHLDSPISNQPQHF,KRWIILGLNK,0.21566108
678,CASGPGQGSHEQYF,KRWIILGLNK,0.29409504
679,CASSTGTGSYEQYF,AMFWSVPTV,0.10121544
680,CASSQGGYSNQPQHF,RAKFKQLL,0.64702153
681,CASSPSRDREFLYIQYF,AVFDRKSDAK,0.7072871
682,CASSQEKSRVGANVLTF,KLGGALQAK,0.9729101
683,CASSIGLAGANEQFF,RLRAEAQVK,0.38710245
684,CSARDFGSPYNEQFF,GILGFVFTL,0.7948009
685,CSARSEVGDTIYF,TPRVTGGGAM,0.112197384
686,CASSFRPGGEQYF,ELAGIGILTV,0.7873361
687,CASSLFTGGSGYTF,ELAGIGILTV,0.78003645
688,CASSILAGSGNTIYF,RPRGEVRFL,0.059681393
689,CASRSGTYDNSPLHF,NLVPMVATV,0.911588
690,CASSRRSSDEQYF,GILGFVFTL,0.9842017
691,CASSQEWDPRETQYF,KLVALGINAV,0.10320523
692,CSGLYQETQYF,KLGGALQAK,0.9543291
693,CASSLGRGTGELFF,LPRRSGAAGA,0.18610486
694,CASSDRANTEAFF,GILGFVFTL,0.79912615
695,CSARDRPHGYTF,NEGVKAAW,0.33544236
696,CASSRARGSTEVREQFF,ARMILMTHF,0.07437003
697,CASSARTSGNQPQHF,FRDYVDRFYKTLRAEQASQE,0.741654
698,CASSDGAILPGELFF,GLCTLVAML,0.5779761
699,CASSLGTSGSTLFDEQFF,KLGGALQAK,0.95669216
700,CASSVYKDILGADTQYF,KRWIIMGLNK,0.124343544
701,CASSIRTAANYGYTF,KAFSPEVIPMF,0.10895893
702,CASSRTGTSYEQYF,GPGHKARVL,0.06760552
703,CASRMGDINTGELFF,RAKFKQLL,0.8422083
704,CASSQYLWGGELFF,ATDALMTGY,0.34702936
705,CASSSRVAGGRYNEQFF,TPGPGVRYPL,0.05959974
706,CASSLGRGQETQYF,FRDYVDRFYKTLRAEQASQE,0.34050584
707,CASSLEGGAKNGYTF,KAFSPEVIPMF,0.22622244
708,CASSTDIEAFF,YLQPRTFLL,0.24292782
709,CASSDSGGATDTQYF,FLYNLLTRV,0.100522086
710,CATQDVNTGELFF,QARQMVQAMRTIGTHP,0.16893654
711,CATSDFRGQHYGYTF,KLGGALQAK,0.9613306
712,CASSLWTLNTGELFF,GTSGSPIIDK,0.08781584
713,CASRLGPEAFF,FLYNLLTRV,0.12005109
714,CASSPGTGIGEQFF,GLIYNRMGAVTTEV,0.090931356
715,CSGVSLQESSGANVLTF,AVFDRKSDAK,0.73601735
716,CASSVYSTEAFF,TPRVTGGGAM,0.1202061
717,CSASRSGQETQYF,KAFSPEVIPMF,0.15389992
718,CASSVQSSYEQYF,ISPRTLNAW,0.07656384
719,CASSARTGVGYGYTF,KAFSPEVIPMF,0.16666846
720,CATRGGDRDFDTEAFF,GILGFVFTL,0.75622815
721,CASRAGTEISGYGYTF,ELAGIGILTV,0.7365998
722,CASSRGQINQPQHF,RLRAEAQVK,0.2585029
723,CASGMTGLTSEQYF,PKYVKQNTLKLAT,0.47603473
724,CASSLSQGGNEQFF,LLLGIGILV,0.23424795
725,CASSLLPDPRSSGGYTF,EIYKRWII,0.07503576
726,CASSPQGTGLYEQYF,KLGGALQAK,0.9606432
727,CASSLGVSRGNQPQHF,KLGGALQAK,0.97173566
728,CASSLAARGGSYEQYF,IVTDFSVIK,0.5403498
729,CASSLVSGPTEAFF,KRWIILGLNK,0.24828905
730,CASSLEDRESTDTQYF,KLGGALQAK,0.94771516
731,CASSQDAGGMTNEKLFF,GLIYNRMGAVTTEV,0.080873884
732,CASSLEWDLAGTQYF,LLQTGIHVRVSQPSL,0.2861447
733,CSASGPKAGDFHYEQYF,HPKVSSEVHI,0.07088995
734,CASSSRLASSYNEQFF,SGPLKAEIAQRLED,0.05485581
735,CASSIRSSYEQYF,GILGFVFTL,0.9847222
736,CASSLWDQPQHF,NLVPMVATV,0.91336805
737,CASSLMVAGSSGNTIYF,IPSINVHHY,0.06509952
738,CASSIAVGMPIGYTF,SLYNTVATL,0.068268426
739,CASSHGLNTYNEQFF,KLGGALQAK,0.96315014
740,CASSADKLYGYTF,AVFDRKSDAK,0.70600724
741,CSVELGSSYGYTF,YLQPRTFLL,0.1750424
742,CSAGLQYGYTF,KLVALGINAV,0.11074799
743,CAWNPGPSYGEQFF,KLGGALQAK,0.9605923
744,CASSIRSSYEQYF,HPKVSSEVHI,0.049814034
745,CASSLLQQGGIDTQYF,NLVPMVATV,0.9342679
746,CASSSQPAETQYF,NLVPMVATV,0.90400076
747,CASSLNRAGELFF,KLGGALQAK,0.95389664
748,CASSIRSSYEQYF,SFHSLHLLF,0.089213155
749,CSVEGWDRSSTDTQYF,NLVPMVATV,0.895871
750,CASSLAPGDGYEQYF,YSEHPTFTSQY,0.15181556
751,CASSLSARAAGYTF,RAKFKQLL,0.6040479
752,CASSSGLASYEQYF,KLGGALQAK,0.9477794
753,CSVGGSFYGYTF,CINGVCWTV,0.20202032
754,CASRSKTGSKQPQHF,IVTDFSVIK,0.31914333
755,CASSSRHEGEDTEAFF,KLVALGINAV,0.07572676
756,CASSLWTGLNNEQFF,KLGGALQAK,0.9563509
757,CASSPDGDNSPLHF,YVLDHLIVV,0.07522226
758,CASRAGEHFYEQYF,KLGGALQAK,0.9606035
759,CSVSPRGRYNEQFF,KRWIIMGLNK,0.13268639
760,CASSLGLENEQFF,NLSALGIFST,0.32948238
761,CSARDRVGNTIYF,GLCTLVAML,0.65581614
762,CASSLAGNYGYTF,KLGGALQAK,0.95610344
763,CASNQVTGTGAYSYTF,NLVPMVATV,0.85505265
764,CASSGTSYGYTF,KAFSPEVIPMF,0.20560984
765,CASSIWDFSTEAFF,ISPRTLNAW,0.074807696
766,CASSEDRFQETQYF,KLGGALQAK,0.9535685
767,CASSYSEGTEAFF,QVPLRPMTYK,0.10113952
768,CASSLSRDRNEQFF,EIYKRWII,0.0739227
769,CASSIGGGNQPQHF,GILGFVFTL,0.9325861
770,CASSLGTGPEAFF,ELAGIGILTV,0.766197
771,CASSQDIGTGGVNEQFF,KLGGALQAK,0.9529202
772,CASSPIGSGANVLTF,GLIYNRMGAVTTEV,0.068146616
773,CASSEDRDGNTIYF,YSEHPTFTSQY,0.13822897
774,CASREIQGSGANVLTF,YVLDHLIVV,0.06322369
775,CASSPSFGELFF,ELAGIGILTV,0.7803733
776,CASCPDRDTVNEKLFF,ELAGIGILTV,0.7224334
777,CASSYSGNTGELFF,FPRPWLHGL,0.0974597
778,CASSKLTSGGYEQYF,RPRGEVRFL,0.06869759
779,CSASDNGQGSYEQYF,QARQMVQAMRTIGTHP,0.12343388
780,CASSYPQAGQGEQYF,YLQPRTFLL,0.502114
781,CASSYSTTSVLPSEAFF,KRWIILGLNK,0.21760117
782,CASSVRSSYEQYF,MLNIPSINV,0.047465786
783,CAWSDGSVGELFF,DPFRLLQNSQVFS,0.13712026
784,CASSFGSGANVLTF,AVFDRKSDAK,0.74898845
785,CASSLGPTGSEQFF,ELAGIGILTV,0.7390956
786,CASSLADGGGYNEQFF,AVFDRKSDAK,0.71917623
787,CASSQEDGTGSAGELFF,ISPRTLNAW,0.09491443
788,CASSLPPFASTSTDTQYF,NLVPMVATV,0.9003009
789,CASSGRSGETQYF,KLGGALQAK,0.97592294
790,CASSPGTGRNGELFF,KLGGALQAK,0.9557301
791,CSVPGQVLETQYF,GLCTLVAML,0.550612
792,CASSEWTGYQPQHF,NLVPMVATV,0.9173241
793,CASSQEGTGGRETQYF,KLGGALQAK,0.9314108
794,CASSQEGQARGYTF,ELAGIGILTV,0.7828531
795,CASSPGTVYGYTF,KLGGALQAK,0.9597953
796,CASRIKGAWNSPLHF,KLGGALQAK,0.97379774
797,CASSEDFRKQETQYF,KLVALGINAV,0.10200128
798,CASSLAGAPGADTQYF,QARQMVQAMRTIGTHP,0.08593208
799,CASSLLASGSSYNEQFF,NLVPMVATV,0.9201663
800,CASSWTSGAYNEQFF,KLVALGINAV,0.096325815
801,CASSLSGAGQPQHF,LLLGIGILV,0.23949353
802,CASSLEGYTEAFF,NLVPMVATV,0.91151285
803,CASSLGLAVDEQYF,GPGHKARVL,0.098400705
804,CATSAGRQRDTGELFF,RLRAEAQVK,0.3803492
805,CAISPGGVGYGYTF,GTSGSPIINR,0.090608
806,CASSPHQDRVTDTQYF,RAKFKQLL,0.7065026
807,CASSQVKLAGEQYF,AMFWSVPTV,0.19235025
808,CASSWRSTDTQYF,IVTDFSVIK,0.40363607
809,CSARDQTGNDYTF,DATYQRTRALVR,0.24102561
810,CASSLVYEQYF,EPLPQGQLTAY,0.08251147
811,CASSDRSGTEQYF,GILGFVFTL,0.83229804
812,CASSWNDRLQSYEQYF,KLGGALQAK,0.9606359
813,CASSEVFGTVLEQYF,KLGGALQAK,0.9573109
814,CASSLGNEQFF,DPFRLLQNSQVFS,0.1525021
815,CASSSSDTSYGYTF,QVPLRPMTYK,0.09086473
816,CASSSGQVSNTGELFF,DPFRLLQNSQVFS,0.1404261
817,CASSSGLAGEQFF,ATDALMTGY,0.34135
818,CASSVVGDSYNEQFF,RAKFKQLL,0.72241664
819,CATSSSRDSNSPLHF,KLGGALQAK,0.9694418
820,CASSWGQGWRGYTF,IVTDFSVIK,0.48917812
821,CASSLRDGSEAFF,RAKFKQLL,0.72917265
822,CASSFRLAVKNEQFF,LPRRSGAAGA,0.12092493
823,CASSEMNTGELFF,KRWIIMGLNK,0.2085734
824,CASSTIGLDTGELFF,KRWIILGLNK,0.32950476
825,CASSLQGQPQHF,KLGGALQAK,0.9448124
826,CASRPGRTHLNTEAFF,NLVPMVATV,0.8800802
827,CASRPLGGTEEQYF,GILGFVFTL,0.80263287
828,CSASRGSVELFF,KLGGALQAK,0.9717453
829,CASSYRWDGVSYGYTF,ELAGIGILTV,0.74690896
830,CASSLSGTNGYTF,ELAGIGILTV,0.7635107
831,CASSNRTSGASTDTQYF,NLVPMVATV,0.8687309
832,CSAPVGVTAGYTF,NLVPMVATV,0.9209258
833,CASSSGGYDEQYF,LLQTGIHVRVSQPSL,0.22127742
834,CASSLDTGTALSYEQYF,NLVPMVATV,0.9257252
835,CASSLAQGMGPGNTIYF,GTSGSPIVNR,0.10507933
836,CSVELLYNEQFF,ELAGIGILTV,0.7337898
837,CASSLFGTGGLEAFF,GTSGSPIINR,0.14488639
838,CASSKEESSYNSPLHF,PKYVKQNTLKLAT,0.35810035
839,CASSLDPEKGAFF,TPQDLNTML,0.14283994
840,CASSLTSGSTDTQYF,GTSGSPIVNR,0.11010094
841,CASSIRSSQPQHF,GTSGSPIVNR,0.05838038
842,CANTRGENTEAFF,ATDALMTGY,0.25939885
843,CASSYSTGYGYTF,ELAGIGILTV,0.7690229
844,CASSFVESNEKLFF,KLGGALQAK,0.9482224
845,CASSTPTSGVNTGELFF,SGPLKAEIAQRLED,0.09713501
846,CASSDETGGSDTQYF,KLGGALQAK,0.95288265
847,CASSFQTGASYGYTF,NLVPMVATV,0.918886
848,CAPLKGSSYEQYF,FLYNLLTRV,0.111387454
849,CASSPRAGGTDTQYF,KLGGALQAK,0.9517815
850,CASRKGGPNNEQFF,YLQPRTFLL,0.11828774
851,CASSMRDIGNTGELFF,LLWNGPMAV,0.39190435
852,CSARDIHGQGTYNEQFF,KLGGALQAK,0.96044487
853,CSAMTSGSSYEQYF,KLGGALQAK,0.96526825
854,CASSWGSSYEQYF,KLGGALQAK,0.9613736
855,CASRKTGYTGELFF,LPRRSGAAGA,0.14331643
856,CASSYSTGADQPQHF,KLGGALQAK,0.9607536
857,CASSLRIYTGELFF,QARQMVQAMRTIGTHP,0.08588526
858,CASSLDSYEQYF,KRWIILGLNK,0.27121547
859,CSARDRVGNTIYF,CINGVCWTV,0.18028572
860,CASSVGVGGPYEKLFF,KLGGALQAK,0.9602563
861,CSADIQGAIGETQYF,MLNIPSINV,0.104537725
862,CASSQDQGTEAFF,FLYNLLTRV,0.12940452
863,CASSINRDGDEQFF,YSEHPTFTSQY,0.08400472
864,CSARGLADFVDTQYF,IVTDFSVIK,0.45536235
865,CSARGLAQQETQYF,KRWIIMGLNK,0.1837716
866,CASSPDSPYEQYF,LPRRSGAAGA,0.15411918
867,CASSLGQGAGGQPQHF,NEGVKAAW,0.45990112
868,CASNRDPLDTEAFF,KLGGALQAK,0.95955014
869,CASSFLWTGGYEQYF,KLGGALQAK,0.95639694
870,CASSSGAEAFF,EIYKRWII,0.08830275
871,CASSPLVGNTIYF,DPFRLLQNSQVFS,0.10220565
872,CASSANSGGYEQYF,KLGGALQAK,0.963813
873,CASSLERGLTRETQYF,GILGFVFTL,0.7565393
874,CASSIRSGYEQYF,GILGFVFTL,0.9847652
875,CASSLEGTSSEAFF,SLYNTVATL,0.20794612
876,CATSDFSNRQETQYF,KLGGALQAK,0.9593278
877,CASSQGFGNTEAFF,GLCTLVAML,0.5738413
878,CASSQEGTGNYGYTF,KLGGALQAK,0.9551992
879,CSARWGGGTDTQYF,CINGVCWTV,0.18684867
880,CASSLAWTGSFYGYTF,KLGGALQAK,0.9562265
881,CASSLGGSNYEQYF,ELAGIGILTV,0.7507698
882,CASRQGDSYNSPLHF,KRWIIMGLNK,0.13227458
883,CASSLRIDGTDTQYF,GLCTLVAML,0.57509965
884,CASGLQHLREPRNEQFF,KLGGALQAK,0.9443636
885,CASSYFGTLYF,KLGGALQAK,0.9577712
886,CASSLGGTESYEQYF,CINGVCWTV,0.25153568
887,CASAEGGGMGYNEQFF,ELAGIGILTV,0.77868354
888,CASSETSGGTDTQYF,GILGFVFTL,0.8298486
889,CASSLDRGSYSNQPQHF,KLGGALQAK,0.9611106
890,CAWRLGSGEKLFF,CINGVCWTV,0.19313069
891,CASSPTGGPADTQYF,GILGFVFTL,0.81243914
892,CASRSTGSPEAFF,RPRGEVRFL,0.055245474
893,CSARDRTGNGYTF,GILGFVFTL,0.8278921
894,CASSVVQGYGYTF,AVFDRKSDAK,0.71428466
895,CASSLFGGRDTGELFF,KLGGALQAK,0.9538043
896,CATIDWGGEDTQYF,GLIYNRMGAVTTEV,0.0803388
897,CASSIFGEQFF,NEGVKAAW,0.3567997
898,CASSEASGGFYNEQFF,RPPIFIRRL,0.06869228
899,CAWSEGDNQPQHF,EIYKRWII,0.09727406
900,CASSLIRSGEQYF,NLVPMVATV,0.8583483
901,CASMGGNIQYF,DATYQRTRALVR,0.3422411
902,CASSPSKPGDNEQFF,KRWIIMGLNK,0.15159775
903,CSARDRSLGNTIYF,GLCTLVAML,0.63098484
904,CSVDGLAGGTYNEQFF,NLVPMVATV,0.9040226
905,CASSYPDRGTSTDTQYF,GILGFVFTL,0.7900956
906,CASSIGIYGYTF,GLCTLVAML,0.57557803
907,CASSSRSSYEQYF,GILGFVFTL,0.9812211
908,CASSLTGHPYEQYF,QVPLRPMTYK,0.13183255
909,CASSGGLAGGSGYEQYF,YLQPRTFLL,0.16535436
910,CSASAGEQFF,KLGGALQAK,0.95559114
911,CASSYGTGMNEQFF,GILGFVFTL,0.83868754
912,CASSQGVVYEQYF,QARQMVQAMRTIGTHP,0.10551839
913,CASSFSVNTEAFF,KLGGALQAK,0.9518413
914,CASSQDLPDGEKLFF,EPLPQGQLTAY,0.07955547
915,CASSTTSGGVETQYF,GILGFVFTL,0.8693251
916,CASSLTRRGNQPQHF,YLQPRTFLL,0.16505963
917,CASSPGLYNEQFF,DPFRLLQNSQVFS,0.11661471
918,CASSLASGRSTEAFF,IVTDFSVIK,0.39890546
919,CASRRRGGVTEAFF,AVFDRKSDAK,0.73954135
920,CAISESAVGYNEQFF,KAFSPEVIPMF,0.23522802
921,CASSFESGLGYGYTF,KLGGALQAK,0.95736957
922,CSVDLEANYGYTF,KLGGALQAK,0.9532794
923,CASSYPPSGGVAYEQYF,HPKVSSEVHI,0.071450196
924,CASSPDRLQTQYF,GTSGSPIIDK,0.07829532
925,CASSIRSSYEQYF,GILGFVFTL,0.9847222
926,CASSSVTGTPLEAFF,RPPIFIRRL,0.07501442
927,CASRSTENTGELFF,YSEHPTFTSQY,0.14782986
928,CASSFLFHTEAFF,LLLGIGILV,0.20103478
929,CASNMLSTDTQYF,DPFRLLQNSQVFS,0.10479996
930,CSCGNANTGELFF,GILGFVFTL,0.84656733
931,CASSFGQGLSNEQFF,NLVPMVATV,0.93284804
932,CASSSHSLTMNTEAFF,GLIYNRMGAVTTEV,0.07320631
933,CASSYWPGGGTEAFF,RPRGEVRFL,0.07782975
934,CSSPGGPNEKLFF,LLLGIGILV,0.18719363
935,CASSYPNTGELFF,SFHSLHLLF,0.24993059
936,CASPEGPYQAEQFF,KLVALGINAV,0.12267574
937,CSATDRGLSYEQYF,NLVPMVATV,0.9331416
938,CASSLNGVYMEQYF,AVFDRKSDAK,0.6795196
939,CASMTHNTGELFF,YSEHPTFTSQY,0.15506542
940,CASSQDRSGGGYEQYF,HPKVSSEVHI,0.06495826
941,CASSIDVTGKGSPLHF,KLGGALQAK,0.968457
942,CASSLRDGSEAFF,ISPRTLNAW,0.09129694
943,CASSQDGLAPYEQYF,SFHSLHLLF,0.21962087
944,CASSLLEEHYEQYF,KLGGALQAK,0.9330343
945,CASSHFGLGQPQHF,ISPRTLNAW,0.09677652
946,CSVRGGGISYNEQFF,QARQMVQAMRTIGTHP,0.08419914
947,CASSEGTRVGEQFF,KLGGALQAK,0.96074826
948,CSARAGQAGSPLHF,NLVPMVATV,0.93315923
949,CASSYSRQTPQPQHF,KLGGALQAK,0.9714693
950,CASSQESGTSYEQYF,KLGGALQAK,0.96207464
951,CASSVRSTGELFF,YLQPRTFLL,0.13614318
952,CASSQGLAGDTDTQYF,ATDALMTGY,0.26360813
953,CASSLRDGSEAFF,RAKFKQLL,0.72917265
954,CASTARRGSGANVLTF,ELAGIGILTV,0.7577345
955,CAIRTSGMLNTGELFF,GILGFVFTL,0.84999573
956,CASSSVNEQFF,NLVPMVATV,0.91076547
957,CASSSIYRGYYSPLHF,AVFDRKSDAK,0.56517977
958,CASSHPGGQPQHF,LLWNGPMAV,0.37823075
959,CSARGLGGETQYF,QARQMVQAMRTIGTHP,0.1364529
960,CSARENWDLSTDTQYF,ELAGIGILTV,0.7372585
961,CASSLAGSPNEQFF,GILGFVFTL,0.832888
962,CASSWGGGSHYGYTF,KRWIILGLNK,0.21501702
963,CAISESAVNTEAFF,KLGGALQAK,0.95068544
964,CASTPLIGTGLDGYTF,ELAGIGILTV,0.78847605
965,CASSTRSTDTQYF,GILGFVFTL,0.94575006
966,CASRSNPGLAGYEQYF,FRDYVDRFYKTLRAEQASQE,0.35928643
967,CASSLGINEQFF,FLRGRAYGL,0.112550184
968,CASTQQGSYGYTF,RAKFKQLL,0.66717654
969,CASSRVGADTQYF,KLGGALQAK,0.97669333
970,CASSLGYEQYF,HPKVSSEVHI,0.089589894
971,CATSDRGQGANWDEQFF,ELAGIGILTV,0.76493907
972,CASSNSLPSGVSYNEQFF,KLGGALQAK,0.96269614
973,CASSPAGAELYNEQFF,FLYNLLTRV,0.12654905
974,CSARVPAASANTGELFF,KLGGALQAK,0.95585096
975,CASSFQGGYEQYF,KLGGALQAK,0.9573121
976,CASSLVGQRISGNTIYF,QVPLRPMTYK,0.08276838
977,CSAEDTSGITDTQYF,YLQPRTFLL,0.20791553
978,CSAVTVYGYTF,RLRAEAQVK,0.27783865
979,CASSYRNTEAFF,KRWIILGLNK,0.15154393
980,CASSQVFGENTEAFF,ELAGIGILTV,0.70857567
981,CASSLERSEAFF,NLVPMVATV,0.8967598
982,CASRPDSYNEQFF,KLGGALQAK,0.96420103
983,CASSIRGLASYNEQFF,SFHSLHLLF,0.10261068
984,CSVEWVHGQYF,NLVPMVATV,0.9298069
985,CASSVSLVNEQFF,IVTDFSVIK,0.35735518
986,CASSLGANTIYF,TPQDLNTML,0.13347305
987,CASSLGQGLKETQYF,SGPLKAEIAQRLED,0.11411113
988,CASSSANYGYTF,NLVPMVATV,0.9018334
989,CASSSTGYGNQPQHF,KLGGALQAK,0.9642587
990,CASSLGTLPYEQYF,FRDYVDRFYKTLRAEQASQE,0.26385245
991,CASSQRGGVYNSPLHF,RLRAEAQVK,0.2551783
992,CASSLTGGSETQYF,PKYVKQNTLKLAT,0.37567094
993,CASTLRGQGDWRNSPLHF,KLGGALQAK,0.951531
994,CASSSSLFGRITSYEQYF,KLGGALQAK,0.95889467
995,CASSEEHTGVGSNQPQHF,AVFDRKSDAK,0.7037506
996,CASSQGSLNTEAFF,GLCTLVAML,0.5440335
997,CASSMYDSNQPQHF,NLVPMVATV,0.81035405
998,CASSPPGVSGEKLFF,KLGGALQAK,0.958442
999,CASSLGPIDEQFF,ISPRTLNAW,0.11020879
1000,CASSQGPGARQPQHF,GILGFVFTL,0.82479465
1001,CASMKYEAFF,GLCTLVAML,0.48153967
1002,CSASPGDYEQYF,RPPIFIRRL,0.081663676
1003,CASSPPGQGWSDTQYF,KLGGALQAK,0.96053064
1004,CASSLGRGYEQYF,GLCTLVAML,0.596924
1005,CASGYWSGDTQYF,RLRAEAQVK,0.32564586
1006,CASSAGDWISDNSPLHF,IVTDFSVIK,0.42256296
1007,CASSSDGTGEKLFF,TPRVTGGGAM,0.13140866
1008,CASKPTSTDTQYF,YSEHPTFTSQY,0.13318521
1009,CASSGTELQETQYF,FLYNLLTRV,0.13177194
1010,CASSFRGSGELFF,NLVPMVATV,0.9346946
1011,CSAQGTETNYGYTF,LLQTGIHVRVSQPSL,0.2700765
1012,CASSSISGKQETQYF,KLGGALQAK,0.9584644
1013,CSAGQGEGEQYF,RAKFKQLL,0.82472277
1014,CASRLQGINEKLFF,RLRAEAQVK,0.32967257
1015,CASSRRTSGGSDTQYF,KLGGALQAK,0.97998214
1016,CASSVRVASMTGELFF,AVFDRKSDAK,0.73928237
1017,CASSWGGGSHYGYTF,PKYVKQNTLKLAT,0.31255677
1018,CASSTGFYGYTF,RPPIFIRRL,0.06839463
1019,CASSQDGLAGDNEQFF,GLCTLVAML,0.6024745
1020,CASSNRASYEQYF,GILGFVFTL,0.9704065
1021,CASSIGIESYEQYF,FLRGRAYGL,0.052441943
1022,CATSREDRPTPLHF,KLGGALQAK,0.96263695
1023,CASSGGTELAKNIQYF,SFHSLHLLF,0.19823283
1024,CASSPGVFGVTQYF,KRWIILGLNK,0.23007734
1025,CASSDIKGEQFF,GTSGSPIIDK,0.07699841
1026,CASSQLGLAGDEQFF,TPGPGVRYPL,0.080445625
1027,CASSHVGERKTQYF,KAFSPEVIPMF,0.2119091
1028,CSARPPALESQYF,CINGVCWTV,0.2554876
1029,CASSLAGLAGETQYF,KRWIIMGLNK,0.18775198
1030,CASSRPGQGLQETQYF,GTSGSPIINR,0.09725319
1031,CASSLSGYEAFF,KLGGALQAK,0.9388581
1032,CASSGVGYQPQHF,SLYNTVATL,0.10139216
1033,CASSFGHYNEQFF,AVFDRKSDAK,0.6791566
1034,CASSIGGNQPQHF,ELAGIGILTV,0.8445635
1035,CASSLRTSGGTDTQYF,LLWNGPMAV,0.41932753
1036,CATSDPRDRAFYGYTF,NLVPMVATV,0.9138159
1037,CASSAMTGWGGYTF,GILGFVFTL,0.84951377
1038,CATMASGGINEQFF,ELAGIGILTV,0.8287751
1039,CASRGLAGEPSYNEQFF,KLGGALQAK,0.9610357
1040,CASSSGPEDEQFF,RPPIFIRRL,0.0756483
1041,CASSIALYNEQFF,NLVPMVATV,0.79163754
1042,CASRPRDRGLSTEAFF,AVFDRKSDAK,0.70807415
1043,CASKDGISYEQYF,KLGGALQAK,0.958447
1044,CASSPGQGTGEQYF,ELAGIGILTV,0.7884903
1045,CASRAMETQYF,KLGGALQAK,0.9657882
1046,CASSFSGNTGELFF,RAKFKQLL,0.82744306
1047,CASTPGTSGAGGEQYF,KLGGALQAK,0.95305943
1048,CASSYKGLGGQETQYF,GLCTLVAML,0.62248915
1049,CASSIRSEYEQYF,IPSINVHHY,0.050463013
1050,CAIRDGRHSYEQYF,NLVPMVATV,0.9117829
1051,CASSQGQGDQPQHF,YVLDHLIVV,0.065270804
1052,CASRDAVSSTDTQYF,LLWNGPMAV,0.36036128
1053,CSARPGLAGALYEQYF,KRWIIMGLNK,0.16676705
1054,CASSYGGGDEQYF,NLVPMVATV,0.94657767
1055,CASTAPATNTGELFF,ATDALMTGY,0.3618025
1056,CASSQRTGELFF,NEGVKAAW,0.37836424
1057,CASIGESGELQETQYF,KLGGALQAK,0.9616244
1058,CASSLTSGNTGELFF,KLGGALQAK,0.9575183
1059,CASSSRTSGGSDTQYF,RPRGEVRFL,0.061641105
1060,CASSIRSSYEQYF,GILGFVFTL,0.9847222
1061,CASSSGTSGAYEQYF,LLLGIGILV,0.17357041
1062,CASSKLSTDTQYF,GILGFVFTL,0.8207991
1063,CSARPSLAGGYNEQFF,AVFDRKSDAK,0.74353397
1064,CATRGGLENEQFF,ISPRTLNAW,0.09957324
1065,CASSFDSGAYEQYF,ARMILMTHF,0.14654261
1066,CASKSEKGAGGSPLHF,AMFWSVPTV,0.08700517
1067,CASSPTNGDGYTF,YLQPRTFLL,0.16540658
1068,CASSLFLPAGNTEAFF,NLVPMVATV,0.9182035
1069,CASSYRDSYEQYF,GLCTLVAML,0.3662993
1070,CASSIRSAYEQYF,TPQDLNTML,0.053103134
1071,CASTTVQGGYTF,RLRAEAQVK,0.35700187
1072,CASAVANQPQHF,LLWNGPMAV,0.42615727
1073,CASSFGELPYNSPLHF,YVLDHLIVV,0.081891134
1074,CASSLVAGSYGYTF,KLGGALQAK,0.96113074
1075,CASRDSAVTGELFF,ELAGIGILTV,0.80186623
1076,CASSTLASGRYEQYF,FLKEKGGL,0.2170832
1077,CATSSGWTSGGDTQYF,KLGGALQAK,0.9562847
1078,CSAPGWDTEAFF,YSEHPTFTSQY,0.14470361
1079,CASSGVGGLASNEQFF,AVFDRKSDAK,0.7503365
1080,CASSPGQFSHEQYF,KAFSPEVIPMF,0.2775486
1081,CASSPDWTSFNEQFF,VTEHDTLLY,0.27024665
1082,CASSEAGGGELFF,ELAGIGILTV,0.81875944
1083,CSVVWAEQYF,DPFRLLQNSQVFS,0.128949
1084,CASSYGQRVSGYTF,ELAGIGILTV,0.7889012
1085,CASSPWSGSQETQYF,GILGFVFTL,0.8252263
1086,CASSPEGQPNTEAFF,AMFWSVPTV,0.11975248
1087,CASSFRSSGRQAYEQYF,SGPLKAEIAQRLED,0.06490391
1088,CASNGGSVWGRETQYF,KLGGALQAK,0.9386828
1089,CASSYSFLGKDNSPLHF,IPSINVHHY,0.081561536
1090,CASSILASSYNEQFF,ISPRTLNAW,0.056388587
1091,CASSQRGNTEAFF,TPRVTGGGAM,0.10230583
1092,CASVWQGAYNEQFF,KLGGALQAK,0.96092707
1093,CASSRGPGQGEETQYF,AVFDRKSDAK,0.7460636
1094,CASSQNPGQFYGYTF,KLGGALQAK,0.9630568
1095,CASSSRTESPHQPQHF,RAKFKQLL,0.55575114
1096,CASRLTGDNEQFF,DPFRLLQNSQVFS,0.097184174
1097,CSARVEPGNGYTF,GLCTLVAML,0.5997896
1098,CASNDLDYSYNEQFF,SLYNTVATL,0.16143158
1099,CSARTSGTYEQYF,KLVALGINAV,0.094628036
1100,CASSVGLHGQPTNEKLFF,NLVPMVATV,0.9187075
1101,CASSIRSAGELFF,ARMILMTHF,0.066877514
1102,CASSTPGRRTSNQPQHF,EIYKRWII,0.083915986
1103,CASSPRGRTGFITEAFF,NEGVKAAW,0.32413736
1104,CASSRQGGQTTDTQYF,TPGPGVRYPL,0.06471638
1105,CASSIRSSYEQYF,GILGFVFTL,0.9847222
1106,CASSQDYPRLAGTDTQYF,QARQMVQAMRTIGTHP,0.10833302
1107,CASSEDPATNEKLFF,IPSINVHHY,0.080056444
1108,CASRELTGFSYEQYF,CINGVCWTV,0.22095732
1109,CASSLFGAVGELFF,KLGGALQAK,0.9558037
1110,CASSLPGQGRTPLHF,YLQPRTFLL,0.30205512
1111,CASSNGQNAYEQYF,LLWNGPMAV,0.43900368
1112,CASSQGSGQGTEAFF,GPGHKARVL,0.079681
1113,CASIPSGVPSTDTQYF,KRWIIMGLNK,0.13748363
1114,CATSDFRDSSNEQFF,KLGGALQAK,0.95752966
1115,CASNLMSGTDTQYF,GLCTLVAML,0.60306555
1116,CSALTGLIYHEQYF,SLYNTVATL,0.25595924
1117,CSARGLVESSYNEQFF,GLCTLVAML,0.6014666
1118,CASRYRDRMNTEAFF,KLGGALQAK,0.9805792
1119,CASSEPGQGYEQYF,NLVPMVATV,0.93175966
1120,CASSLGRGQETQYF,KAFSPEVIPMF,0.28773054
1121,CASSFSGANVLTF,ELAGIGILTV,0.7897749
1122,CASSIRSGWELFF,HPKVSSEVHI,0.053285938
1123,CSAGQGSDYGYTF,NLVPMVATV,0.93874925
1124,CASSLTGAPNEKLFF,KLGGALQAK,0.95205814
1125,CASSQQGPEQFF,VTEHDTLLY,0.27271846
1126,CASSMRSAWEQFF,GILGFVFTL,0.9819111
1127,CASSLAPGATSEKLFF,YLQPRTFLL,0.17097066
1128,CASSVDSSHQPQHF,KLGGALQAK,0.94082814
1129,CAWSVRQGGNTIYF,ATDALMTGY,0.2712206
1130,CASSLEGQASSYEQYF,GLCTLVAML,0.53588337
1131,CASSSGTNSYEQYF,KLGGALQAK,0.96697646
1132,CASRATGPDVYGYTF,RPRGEVRFL,0.06420326
1133,CASSGGDWIEQYF,NLVPMVATV,0.9401554
1134,CASSQDGGVRQYF,NLVPMVATV,0.93809956
1135,CASSYPLAGGGSYNEQFF,KLGGALQAK,0.95538175
1136,CASSYSGGDTEAFF,KRWIILGLNK,0.19852798
1137,CASSITGQHYEQYF,KLGGALQAK,0.9710287
1138,CASSQGSAGGNEQFF,KLGGALQAK,0.9612802
1139,CAWSPQGYGGEAFF,NEGVKAAW,0.39293143
1140,CASSSGLAGLNEQFF,KLGGALQAK,0.95809615
1141,CASSIKGHYEQYF,KLGGALQAK,0.9549509
1142,CASRETGKTDGYTF,LLQTGIHVRVSQPSL,0.2450667
1143,CASSDTDRGIYGYTF,LLWNGPMAV,0.38942373
1144,CASSPSSSYEQYF,KLGGALQAK,0.9439858
1145,CSSGGTYGYTF,KLGGALQAK,0.9599528
1146,CSARPGQGTVALHF,FRDYVDRFYKTLRAEQASQE,0.28865573
1147,CASSLAGRETEAFF,NLVPMVATV,0.85264957
1148,CASTTGSGEQYF,NLVPMVATV,0.92162794
1149,CASSALEAGYGYTF,ATDALMTGY,0.26167867
1150,CASSYGERLHTGELFF,RPPIFIRRL,0.08338122
1151,CASTRDVSGELFF,YVLDHLIVV,0.058113746
1152,CASSMKGFGNQPQHF,GTSGSPIVNR,0.08229634
1153,CASSSHMNTEAFF,NLVPMVATV,0.8814034
1154,CASSIGLYGYTF,EPLPQGQLTAY,0.049758665
1155,CSTGQGPYEQYF,RAKFKQLL,0.79705346
1156,CALLLDWDTGELFF,YLQPRTFLL,0.569567
1157,CASSYPSRTGTSRDEQFF,GILGFVFTL,0.8391692
1158,CASSSGLAGVNEQFF,KLGGALQAK,0.9597627
1159,CASSRGQGAYEQFF,GTSGSPIINR,0.07989358
1160,CASSQEGQLSYEQYF,GLIYNRMGAVTTEV,0.08172918
1161,CASSADERGGSYEQYF,RPPIFIRRL,0.0736995
1162,CASSFPLAGIYTQYF,KLGGALQAK,0.9626657
1163,CAWSVLFGGRSYEQYF,TPQDLNTML,0.13228782
1164,CASSLGRNYGYTF,GTSGSPIIDK,0.06558568
1165,CATSRTSGEEQYF,YLQPRTFLL,0.19414978
1166,CSASELPLGGGYTDTQYF,FRDYVDRFYKTLRAEQASQE,0.3597939
1167,CSADRTPGQGVHEQYF,ELAGIGILTV,0.7601647
1168,CASSYAGGTDTQYF,KLGGALQAK,0.9607279
1169,CASKPSQALIEGYGYTF,LPRRSGAAGA,0.11876451
1170,CASSQEAQGLGEKLFF,CINGVCWTV,0.24758145
1171,CSAGTDTGELFF,KLGGALQAK,0.9589126
1172,CASSFGPKNIQYF,SFHSLHLLF,0.22367129
1173,CASSQETQYF,KLGGALQAK,0.9506415
1174,CASSLVLSSPTYEQYF,RAKFKQLL,0.6961189
1175,CASSWETSGNTGELFF,ISPRTLNAW,0.09799163
1176,CSVDSGRAGYEQYF,NLVPMVATV,0.92648005
1177,CSASPGDYEQYF,IVTDFSVIK,0.37367347
1178,CASGMTGLTSEQYF,KLGGALQAK,0.9607558
1179,CASSSRTADNEQFF,GTSGSPIINR,0.06892785
1180,CASSTTFTLADTQYF,NLVPMVATV,0.87658644
1181,CASSEFAGDNNEQFF,NLVPMVATV,0.9263435
1182,CASSSGLADQDLYEQYF,KLGGALQAK,0.9528887
1183,CASSLGVAGTNTGELFF,RAKFKQLL,0.7670606
1184,CASTITTVTSGNTIYF,KLGGALQAK,0.9682588
1185,CASSQDDRVEKLFF,EPLPQGQLTAY,0.07209267
1186,CASSLASGGGAAFF,KLGGALQAK,0.95043266
1187,CASSIVVQGNEQFF,GILGFVFTL,0.89150566
1188,CASSISGLNTDTQYF,NEGVKAAW,0.29045367
1189,CASSPGTGGTEKLFF,ELAGIGILTV,0.71007717
1190,CASSQLTGVYEQYF,VTEHDTLLY,0.29465488
1191,CASSEIAGGTDTQYF,KLGGALQAK,0.973987
1192,CASSLDRTGGTGELFF,RPRGEVRFL,0.092845894
1193,CASKNSQGTGNEQFF,ELAGIGILTV,0.78325075
1194,CASSFSGTQYF,NLVPMVATV,0.93321925
1195,CAATSGEASGQPQHF,GTSGSPIIDK,0.06912887
1196,CASSTTGTPGNTIYF,GILGFVFTL,0.79643995
1197,CASSSGWGVGAFF,NLVPMVATV,0.9167168
1198,CASSTGTGGLIEQYF,KLGGALQAK,0.95496726
1199,CASSHVIYEQYF,TPRVTGGGAM,0.09377951
1200,CASSLTQSSLSGNTIYF,LLQTGIHVRVSQPSL,0.26007894
1201,CASTKGGGELFF,NLVPMVATV,0.9374943
1202,CASSDLLTGELFF,ATDALMTGY,0.3710788
1203,CASSPSAAAYEQYF,AMFWSVPTV,0.16399166
1204,CASTSGPALYNEQFF,NLVPMVATV,0.93330824
1205,CASSFLEGTEAFF,FLRGRAYGL,0.102172226
1206,CSVPGTVNTEAFF,KLGGALQAK,0.95326847
1207,CASSLGQDGYTF,KRWIILGLNK,0.28947303
1208,CASRLSGSAYEQYF,TPGPGVRYPL,0.06859789
1209,CASRGEDNEQFF,NEGVKAAW,0.36919835
1210,CASSPEQGYQETQYF,GLCTLVAML,0.53137666
1211,CASSSVDRGRFDEQYF,NLVPMVATV,0.91873354
1212,CASSSIMGELYGYTF,FLKEKGGL,0.104662396
1213,CASSFSGNTGELFF,RAKFKQLL,0.82744306
1214,CASSFGVGTESYEQYF,ARMILMTHF,0.141691
1215,CASSETGKNTEAFF,YLQPRTFLL,0.12814637
1216,CASSSRHVTGRNEQFF,GLIYNRMGAVTTEV,0.06649846
1217,CASSSDRIGETQYF,KLGGALQAK,0.9677027
1218,CSVILTDSTDTQYF,SGPLKAEIAQRLED,0.08677283
1219,CSVVSNYGYTF,NLVPMVATV,0.9159108
1220,CASAKRGTDTQYF,ISPRTLNAW,0.07637103
1221,CASSLVAGPGTDTQYF,ELAGIGILTV,0.7654124
1222,CASSIVQGPYNEQFF,NEGVKAAW,0.2769963
1223,CSASSGGPTDTQYF,KLVALGINAV,0.09307772
1224,CSVDLRGPGHGYTF,KLGGALQAK,0.95239687
1225,CASHDPRAQETQYF,RPPIFIRRL,0.07856353
1226,CASSLWAGVSDTQYF,FPRPWLHGL,0.09023479
1227,CASSWGGGSHYGYTF,IVTDFSVIK,0.51957184
1228,CASSPGSWGSTDTQYF,YSEHPTFTSQY,0.12801474
1229,CSARVAHEQFF,KLGGALQAK,0.94880736
1230,CASPWTGSGPYEQYF,KLGGALQAK,0.9626552
1231,CASSTRSSYEQYF,GILGFVFTL,0.9738546
1232,CASSYWDRGSGANVLTF,NLVPMVATV,0.88824695
1233,CASSLGTSGGGDTQYF,NEGVKAAW,0.31763238
1234,CASSYSTAGELFF,IPSINVHHY,0.08313919
1235,CASTSQPHEQYF,GTSGSPIINR,0.11356428
1236,CASSPLKATQNTEAFF,DPFRLLQNSQVFS,0.11186597
1237,CASSITWTGNMNTEAFF,YSEHPTFTSQY,0.11586517
1238,CASSIDLLGYEQYF,GLIYNRMGAVTTEV,0.0662548
1239,CASSPSGGTGTDTQYF,KLGGALQAK,0.94210535
1240,CASSLALGDGAYNEQFF,IVTDFSVIK,0.40448758
1241,CASSYSVPALGNTIYF,TPGPGVRYPL,0.06929062
1242,CASSQGVGQGNQPQHF,KLGGALQAK,0.96248496
1243,CASSLASYGYTF,MLNIPSINV,0.072281525
1244,CSVEVGQVAEQYF,RLRAEAQVK,0.3395071
1245,CASSHRASGGATPYF,FRDYVDRFYKTLRAEQASQE,0.76336867
1246,CATSERYGRVYNEQFF,KLGGALQAK,0.9748609
1247,CAISDLVGQGNEQFF,KLGGALQAK,0.95915484
1248,CASSYSGSGANVLTF,ELAGIGILTV,0.7911569
1249,CASSPRAGDNTEAFF,KLGGALQAK,0.95272624
1250,CASSPADPFSNTQYF,KLVALGINAV,0.10038802
1251,CASSQRSAGELFF,GILGFVFTL,0.9742407
1252,CASSIRSSYEQYF,ATDALMTGY,0.10323106
1253,CATSDLRDREQFF,KLGGALQAK,0.95476496
1254,CASTLTGVNTEAFF,KLGGALQAK,0.948156
1255,CSARSETGNTIYF,GLCTLVAML,0.6555068
1256,CASSQGTGSYEQYF,KLGGALQAK,0.9626952
1257,CSARVGRNEQFF,KAFSPEVIPMF,0.2394368
1258,CASSTTVNTEAFF,NLVPMVATV,0.87655437
1259,CASSFYGAGGEQYF,IPSINVHHY,0.089918986
1260,CASGQGVTDTQYF,KAFSPEVIPMF,0.23830761
1261,CASSLDLGTGIGEQYF,LPRRSGAAGA,0.20233375
1262,CASSIRSSDTQYF,DPFRLLQNSQVFS,0.04991681
1263,CASSSRGARSTEAFF,TPRVTGGGAM,0.06450921
1264,CASSIALSDNYGYTF,KLVALGINAV,0.060382225
1265,CASSIGLYGYTF,LPRRSGAAGA,0.08431746
1266,CASSYLGEETQYF,TPRVTGGGAM,0.15441753
1267,CASSIRSSYEQYF,GILGFVFTL,0.9847222
1268,CSAEGLAGVRANNEQFF,KLGGALQAK,0.9583098
1269,CASSPMDTQYF,AVFDRKSDAK,0.66483474
1270,CASSSDPVAVTNQPQHF,LPRRSGAAGA,0.12671235
1271,CASSMGGFNEKLFF,IPSINVHHY,0.066442385
1272,CSVDWRADRGETQYF,NLVPMVATV,0.9053017
1273,CASSIRSSYEQYF,QVPLRPMTYK,0.065209046
1274,CSVEDWDRRQETQYF,GILGFVFTL,0.78985906
1275,CSAPGLADSYEQYF,KLGGALQAK,0.9518576
1276,CASSIRSSYEQYF,AVFDRKSDAK,0.52033144
1277,CASSWRFGTSSSYEQYF,NLVPMVATV,0.9074025
1278,CASSLEPSYEQYF,ARMILMTHF,0.18098192
1279,CASSLLAGGPGETQYF,SLYNTVATL,0.14425248
1280,CASSPFGGELFF,NLVPMVATV,0.9325474
1281,CASSLYSIGSGNTIYF,FLKEKGGL,0.1321843
1282,CASSAAGSTDTQYF,YVLDHLIVV,0.06659431
1283,CASSSHGADTQYF,GILGFVFTL,0.8914634
1284,CASSMTGTGGTEAFF,LPRRSGAAGA,0.12989502
1285,CASGQGIAEAFF,CINGVCWTV,0.28908372
1286,CASSPYSGGNSPLHF,EIYKRWII,0.08440788
1287,CASSSRDSQNQPQHF,NEGVKAAW,0.1673807
1288,CASTIPPGTSVSGELFF,KRWIILGLNK,0.29227608
1289,CASSMWTSGNNEQFF,KLGGALQAK,0.9656669
1290,CSVAAPGNTEAFF,AVFDRKSDAK,0.7080454
1291,CASSEFGQGFYEQYF,GLIYNRMGAVTTEV,0.07882722
1292,CASSYSRKAHTEAFF,KLGGALQAK,0.9344349
1293,CSVGEGANYGYTF,NLSALGIFST,0.22223145
1294,CASSDSGGATDTQYF,ELAGIGILTV,0.7612141
1295,CASKGDRGAYEQYF,SGPLKAEIAQRLED,0.08316835
1296,CASSGTGVSPLHF,FLKEKGGL,0.25946292
1297,CASSEVKGAIEAFF,KLVALGINAV,0.12675607
1298,CAISESPTQNTIYF,YVLDHLIVV,0.06268972
1299,CSVEAQGGTFNEQFF,SGPLKAEIAQRLED,0.08979986
1300,CASSVLRGNPYNEQFF,VTEHDTLLY,0.27678043
1301,CASSVDLDSSYNEQFF,VTEHDTLLY,0.2657848
1302,CASSLVGTGELFF,HPKVSSEVHI,0.090931475
1303,CASSFAISAEAFF,ELAGIGILTV,0.6978831
1304,CSVADRGSSSGANVLTF,KLGGALQAK,0.96245617
1305,CASSQGSAGGNEQFF,GTSGSPIVNR,0.12028073
1306,CASSQGRVLPSRTDTQYF,EPLPQGQLTAY,0.06861039
1307,CSARDGTGNGYTF,GLCTLVAML,0.6535228
1308,CATSKRVRTDTQYF,IVTDFSVIK,0.4623531
1309,CASIPGLEVLSNEQFF,PKYVKQNTLKLAT,0.46784455
1310,CASSLVSGGFTDTQYF,NLVPMVATV,0.92410487
1311,CASSSGWGVGAFF,CINGVCWTV,0.18015859
1312,CASSDGDEENIQYF,VTEHDTLLY,0.31730276
1313,CASSLDRGEQFF,RPPIFIRRL,0.08988471
1314,CASSTTAGDTEAFF,AVFDRKSDAK,0.7475873
1315,CSADGLPISSYNEQFF,NLVPMVATV,0.93244386
1316,CASSSRSSYEQYF,KRWIILGLNK,0.08646249
1317,CASSIRAAYEQYF,GILGFVFTL,0.98522854
1318,CASSFDGSYNEQFF,NLVPMVATV,0.9249319
1319,CASSWDSSYEQYF,TPQDLNTML,0.120839104
1320,CASSPGTGTYEQYF,KAFSPEVIPMF,0.23404895
1321,CAISEPTGTSGEGEQFF,FPRPWLHGL,0.098462716
1322,CASSLGWDTYYEQYF,KLGGALQAK,0.95270324
1323,CASSWTVYYEQYF,GILGFVFTL,0.82571214
1324,CASSRTGTSYEQYF,IVTDFSVIK,0.4468455
1325,CASSLSLSNEKLFF,GPGHKARVL,0.092389464
1326,CASSLSRSRGSYEQYF,FLYNLLTRV,0.050947394
1327,CASSNSLPSGVSYNEQFF,QARQMVQAMRTIGTHP,0.09393187
1328,CASSMERTGSDTGELFF,TPQDLNTML,0.101295196
1329,CASSWGGGSHYGYTF,IVTDFSVIK,0.51957184
1330,CASSARAFPEGNQPQHF,MLNIPSINV,0.050890036
1331,CASSNPDGTGDNEQFF,ISPRTLNAW,0.08380865
1332,CSARGPGRGEQYF,KLGGALQAK,0.9583835
1333,CSVVGGLLEAFF,YSEHPTFTSQY,0.21283107
1334,CASSEEGVAGVFNEQFF,AVFDRKSDAK,0.6964279
1335,CASGTLNSLVAFF,NLVPMVATV,0.9332262
1336,CSAQGGPFHEQYF,KLGGALQAK,0.958846
1337,CASSSTGELFF,KLGGALQAK,0.9584081
1338,CASSEPQEGPEAFF,NLVPMVATV,0.92133695
1339,CASSQERGATEAFF,SLYNTVATL,0.08674921
1340,CASSKLADYQETQYF,GTSGSPIVNR,0.11210846
1341,CATSYTGSANYGYTF,AVFDRKSDAK,0.7489887
1342,CSARDHTERGGIYEQYF,AMFWSVPTV,0.10306245
1343,CASSRRSADEQFF,FLYNLLTRV,0.047941778
1344,CASSYSYPGTGFYEQYF,NLVPMVATV,0.9394215
1345,CASSYGAGGYNEQFF,KLGGALQAK,0.96555924
1346,CASTSHRESAEAFF,GTSGSPIINR,0.07318042
1347,CSARVGVGNTIYF,GLCTLVAML,0.69226825
1348,CASQDREGRGYTF,NLVPMVATV,0.903624
1349,CASSLVGGNEQFF,RPRGEVRFL,0.097050436
1350,CASSLTEPGGTDTQYF,LLQTGIHVRVSQPSL,0.283796
1351,CATSDRTSATEAFF,NEGVKAAW,0.3333598
1352,CASNQRSSYNSPLHF,KRWIILGLNK,0.124894746
1353,CASSSGQGYYNEQFF,KLGGALQAK,0.96484107
1354,CASSQLTSRTYEQYF,EPLPQGQLTAY,0.062303625
1355,CASSPSTYTDTQYF,ISPRTLNAW,0.08078411
1356,CASGQGNFDIQYF,RAKFKQLL,0.81938684
1357,CASSIGLYGYTF,RAKFKQLL,0.63782847
1358,CASSVGRTSQETQYF,GILGFVFTL,0.8198182
1359,CASTTGANVLTF,TPGPGVRYPL,0.06866412
1360,CASSLMRLQETQYF,KLGGALQAK,0.9618888
1361,CASSVATSGTGELFF,SFHSLHLLF,0.2444457
1362,CASSEAVDRGNEQFF,KLGGALQAK,0.95938605
1363,CASSQGTGPVGTGELFF,IVTDFSVIK,0.50632054
1364,CASTGQGLGNQPQHF,ISPRTLNAW,0.09023347
1365,CASSPGDRGIGGAQYF,QVPLRPMTYK,0.0981147
1366,CASGRLSYNEQFF,RAKFKQLL,0.7668776
1367,CASSQERGGKWAYEQYF,NLVPMVATV,0.9178215
1368,CASSLDGALVTDTQYF,FPRPWLHGL,0.092629775
1369,CASSFSGNTGELFF,EPLPQGQLTAY,0.093990766
1370,CASSIRSAYEQYF,GILGFVFTL,0.9847504
1371,CASSELPGGYTF,KLGGALQAK,0.95707846
1372,CASSILRSADTQYF,SLYNTVATL,0.076762
1373,CASSYSDRVHEQYF,GILGFVFTL,0.85288984
1374,CASKDGISYEQYF,KLGGALQAK,0.958447
1375,CASSQDPSRTYEQYF,CINGVCWTV,0.22271171
1376,CASSFGESYEQYF,HPKVSSEVHI,0.08273553
1377,CASSYLGGEGYTF,KLGGALQAK,0.9472907
1378,CASSRYSGGFGDTQYF,KLGGALQAK,0.98162556
1379,CSARLAGLTYNEQFF,GILGFVFTL,0.8318674
1380,CASSFSERAFF,AVFDRKSDAK,0.649336
1381,CASSAGQGGGRTEAFF,IVTDFSVIK,0.51799893
1382,CASSLLPDPRSSGGYTF,FLYNLLTRV,0.096546546
1383,CASSYSGSGELFF,NEGVKAAW,0.3856837
1384,CASSLALAPRSYNEQFF,ELAGIGILTV,0.70261127
1385,CASSSPVAEYNSPLHF,NLVPMVATV,0.905125
1386,CASSSLNTEAFF,NEGVKAAW,0.35970947
1387,CASSFVGQGGTEAFF,KLGGALQAK,0.9401481
1388,CASSQKLDRETQYF,TPGPGVRYPL,0.07720267
1389,CASSTGVAEQYF,GILGFVFTL,0.8264006
1390,CASSFANYGYTF,LPRRSGAAGA,0.114267625
1391,CASSLARTDTQYF,KLGGALQAK,0.9527286
1392,CASSLARVYTEAFF,ARMILMTHF,0.12969808
1393,CSASNAGPRSEQFF,VTEHDTLLY,0.29362294
1394,CASSLKGTYNSPLHF,KLGGALQAK,0.958156
1395,CASSLRTGLINTEAFF,PKYVKQNTLKLAT,0.40206933
1396,CASSVFDWASGRTGELFF,AVFDRKSDAK,0.75301754
1397,CASSLIDTQYF,RAKFKQLL,0.74591786
1398,CASSQCPPSYEQYF,GTSGSPIINR,0.119345136
1399,CASSLVGQLDEQYF,ATDALMTGY,0.32051384
1400,CASSPKTGKGEQYF,EIYKRWII,0.08689012
1401,CASSQLEDGHSYEQYF,KLGGALQAK,0.9427757
1402,CASSLGPLFRENTEAFF,ELAGIGILTV,0.690961
1403,CASSIRSAYEQYF,RAKFKQLL,0.37872335
1404,CASSHRSGTEAFF,RPRGEVRFL,0.05415457
1405,CASSSRSAYEQYF,QVPLRPMTYK,0.064604945
1406,CASEPGPVLNGYTF,YSEHPTFTSQY,0.13600525
1407,CASNQVTETGAYDYTF,RLRAEAQVK,0.35520402
1408,CASSFLGNEQFF,KRWIILGLNK,0.3492271
1409,CASRGGLQETQYF,LLQTGIHVRVSQPSL,0.33743685
1410,CASSNSLPSGVSYNEQFF,IPSINVHHY,0.07463461
1411,CASRGPVETQYF,AVFDRKSDAK,0.7518557
1412,CASSLGTTGNTIYF,KLGGALQAK,0.9494685
1413,CASSLDWTGANVLTF,NEGVKAAW,0.34606016
1414,CASSWLAGGENEQFF,KLGGALQAK,0.95048296
1415,CASSQGTVSGNTIYF,KLGGALQAK,0.96428627
1416,CASRIRAAETQYF,LLQTGIHVRVSQPSL,0.110126056
1417,CASGRLSYNEQFF,FLYNLLTRV,0.10380251
1418,CASSLGGSNQPQHF,LLQTGIHVRVSQPSL,0.29429615
1419,CASRDPTDTQYF,KRWIIMGLNK,0.12605116
1420,CATAITSTQYF,FLKEKGGL,0.22744052
1421,CASSYRKSTDGQGLFF,NLVPMVATV,0.7441258
1422,CASSLSTNTEAFF,KLGGALQAK,0.9456568
1423,CASSIVQGPYNEQFF,TPGPGVRYPL,0.058446784
1424,CSVRGTGPQETQYF,ELAGIGILTV,0.78530854
1425,CASSLSPGQKYEQYF,TPRVTGGGAM,0.14797823
1426,CASSYSTGYEQYF,KAFSPEVIPMF,0.22864869
1427,CASSFQGWETQYF,PKYVKQNTLKLAT,0.39136106
1428,CASLLGTGELFF,IPSINVHHY,0.10809978
1429,CASSFGGVNEQFF,IVTDFSVIK,0.3853697
1430,CASSDPGTGRTEAFF,KLGGALQAK,0.93445104
1431,CASSPPDRADEQFF,KLGGALQAK,0.94122136
1432,CASSQDWGQGYEQYF,KLGGALQAK,0.95989513
1433,CASSIRSAYEQYF,GILGFVFTL,0.9847504
1434,CSARDLGQLNQPQHF,KLGGALQAK,0.95935744
1435,CASSLASGSRYNEQFF,PKYVKQNTLKLAT,0.22010855
1436,CASSQGAYAIDEQFF,KLGGALQAK,0.96987265
1437,CSVEVPPGEQFF,GILGFVFTL,0.8468411
1438,CASSIGTGGTEAFF,AVFDRKSDAK,0.72357136
1439,CSANPSSGQYNEQFF,KRWIILGLNK,0.2654228
1440,CASSQEGGGDGQPQHF,YSEHPTFTSQY,0.13436703
1441,CASSVASGTSGGGQFF,TPQDLNTML,0.1502086
1442,CASSGGTGSTDTQYF,KLGGALQAK,0.9485623
1443,CASSTSTGTGYGYTF,RAKFKQLL,0.58750355
1444,CASSLAPLQGPSTDTQYF,LPRRSGAAGA,0.13075481
1445,CASTPRDREYDTGELFF,GTSGSPIIDK,0.079627395
1446,CASSNGQGAVGEQFF,IPSINVHHY,0.07476051
1447,CASSLALAGTDTQYF,GLCTLVAML,0.61650497
1448,CASSHRASGGATPYF,LLWNGPMAV,0.3316171
1449,CASSSNTEAFF,KLGGALQAK,0.95793486
1450,CASSMADLSYEQYF,HPKVSSEVHI,0.052267943
1451,CASSLDLSGGITDTQYF,KLGGALQAK,0.95869094
1452,CASSVLGGGEQFF,SGPLKAEIAQRLED,0.1405308
1453,CASSPLDGFRDEQFF,EIYKRWII,0.09876194
1454,CASSPTGLGGGYTF,LLQTGIHVRVSQPSL,0.27417463
1455,CASSPTTAPNEKLFF,ARMILMTHF,0.12228592
1456,CASSGGQANIQYF,GPGHKARVL,0.08235489
1457,CASGTPGYEQYF,CINGVCWTV,0.23074949
1458,CASGPGYGNTIYF,LLLGIGILV,0.18790887
1459,CAWSPLEIAGTDTQYF,ARMILMTHF,0.12525658
1460,CATEASGNTIYF,ARMILMTHF,0.11973856
1461,CASSVDGAYNEQFF,AMFWSVPTV,0.11555034
1462,CASSQDSLTGQANSPLHF,TPRVTGGGAM,0.1437959
1463,CASRLMNTGELFF,TPQDLNTML,0.20241527
1464,CASSYTGDEQYF,LLWNGPMAV,0.41812503
1465,CASSHGQFSLYEQYF,RPPIFIRRL,0.07363975
1466,CASSPGTGPNEKLFF,IPSINVHHY,0.074761234
1467,CASRKGGPNNEQFF,KLGGALQAK,0.9732536
1468,CASSAQTGELFF,KRWIILGLNK,0.4143195
1469,CASSLLGLPGSEQYF,LLQTGIHVRVSQPSL,0.28992498
1470,CASSLEGPGGGEQYF,ELAGIGILTV,0.79841995
1471,CASSFWSDNEQFF,GTSGSPIVNR,0.12223153
1472,CASSRGGLAENEQFF,KLGGALQAK,0.9707965
1473,CASSRGLTINEQFF,PKYVKQNTLKLAT,0.42621225
1474,CSAFPTATNEKLFF,KLGGALQAK,0.95342135
1475,CASSPGTNQHSPLHF,KLGGALQAK,0.9577132
1476,CSAMGMNTEAFF,GTSGSPIIDK,0.07198246
1477,CASRGGDSHNEQFF,FRDYVDRFYKTLRAEQASQE,0.50651985
1478,CASSLGTVDSYEQYF,LLQTGIHVRVSQPSL,0.27920705
1479,CASSWIDTQYF,KLGGALQAK,0.965398
1480,CASSFRDRPYEQYF,NLVPMVATV,0.91978145
1481,CASSIGIYGYTF,YVLDHLIVV,0.054732796
1482,CASSAVAGAPLEQYF,DPFRLLQNSQVFS,0.11224083
1483,CASSYSIRRGVNEQFF,FPRPWLHGL,0.07049345
1484,CASSQGRRSTDTQYF,YLQPRTFLL,0.06852418
1485,CASSFWPGRNLLWGYTF,GILGFVFTL,0.7879271
1486,CASSGQGSETQYF,KLGGALQAK,0.9612183
1487,CASSQDLGLLRDTGELFF,VTEHDTLLY,0.30850428
1488,CASSQGTGSKNIQYF,TPRVTGGGAM,0.11378542
1489,CASSLVVTSGFNEQFF,SFHSLHLLF,0.20375921
1490,CASMRGSSYNSPLHF,ELAGIGILTV,0.776479
1491,CASSQRSGQGNSPLHF,SFHSLHLLF,0.119915195
1492,CASSSATGSDNYNTEAFF,PKYVKQNTLKLAT,0.3014868
1493,CASSLIDGARDEQFF,CINGVCWTV,0.18712816
1494,CASSLTRSTATNEKLFF,KAFSPEVIPMF,0.17631558
1495,CASSVQATEAFF,GLCTLVAML,0.5704067
1496,CASSLEYGDIEAFF,AVFDRKSDAK,0.6709443
1497,CATSRVGADTQYF,FRDYVDRFYKTLRAEQASQE,0.6924952
1498,CASSEDRGYQETQYF,KLGGALQAK,0.9540493
1499,CASSLGLAGGEETQYF,AMFWSVPTV,0.14311582
1500,CASIVRNDRDPTGELFF,RAKFKQLL,0.75318193
1501,CASSERGTANTEAFF,FRDYVDRFYKTLRAEQASQE,0.50895464
1502,CSATWEGASGGETQYF,TPQDLNTML,0.14485046
1503,CASSIGQGPYEQYF,QVPLRPMTYK,0.10009151
1504,CASSFTSGGYEQYF,FLYNLLTRV,0.10670123
1505,CATSEGARTSGRYNEQFF,KRWIILGLNK,0.17945926
1506,CASSPGTGTYEQYF,LLWNGPMAV,0.4113793
1507,CATSDPKTGLNTGELFF,KLGGALQAK,0.95800316
1508,CASSLWTSGDYEQYF,RLRAEAQVK,0.30821148
1509,CASSLVIRNEAFF,KLGGALQAK,0.97258323
1510,CASSVSGGLTDTQYF,ELAGIGILTV,0.7974282
1511,CASRNEQYF,ELAGIGILTV,0.8006567
1512,CASSEGQGAGYEQYF,YVLDHLIVV,0.067189425
1513,CAIGDRLYEKLFF,EPLPQGQLTAY,0.07897252
1514,CASSPTPTANYGYTF,RAKFKQLL,0.6849441
1515,CASRPPGAVYEQYF,RPRGEVRFL,0.069089085
1516,CAREGGNYGYTF,KRWIIMGLNK,0.12856102
1517,CASMDQNTGELFF,FLRGRAYGL,0.10619534
1518,CASSPPLAGPSTDTQYF,YSEHPTFTSQY,0.13764101
1519,CASSPGQNTEAFF,SGPLKAEIAQRLED,0.09985759
1520,CASSIRSNTEAFF,GILGFVFTL,0.97298354
1521,CASSLDRYNEQFF,KLGGALQAK,0.94466144
1522,CASSPGLGYEKLFF,KLGGALQAK,0.95223993
1523,CASSLFPGGNTGELFF,SLYNTVATL,0.33060014
1524,CASTPGVAHTDTQYF,KLGGALQAK,0.954056
1525,CASSLEGAPTDTQYF,NLVPMVATV,0.9116128
1526,CASSAGTSPTDTQYF,FPRPWLHGL,0.084007755
1527,CASSFGGRGNYGYTF,AVFDRKSDAK,0.7232905
1528,CASSAGAWTEAFF,KLGGALQAK,0.9481164
1529,CASSLGQGIYGYTF,CINGVCWTV,0.22750223
1530,CASSFDSGGLGAQYF,GTSGSPIVNR,0.1335729
1531,CASSPRGDGWEQYF,GTSGSPIINR,0.11506747
1532,CSAGGNTEAFF,TPRVTGGGAM,0.14267251
1533,CASSFGTGQSSYNEQFF,GILGFVFTL,0.8369235
1534,CASRDSGSSTDTQYF,SGPLKAEIAQRLED,0.073395036
1535,CASSITWTGNMNTEAFF,AVFDRKSDAK,0.6976956
1536,CASSVDPTGGGTGELFF,ELAGIGILTV,0.8065212
1537,CASSIRSTGELFF,IPSINVHHY,0.050643664
1538,CSAQPGQENIQYF,IPSINVHHY,0.095744744
1539,CASSQSGGQRDEQFF,SGPLKAEIAQRLED,0.07180059
1540,CASSQASAGGPADTQYF,KLGGALQAK,0.9698667
1541,CASSYGAGGYNEQFF,FRDYVDRFYKTLRAEQASQE,0.5031059
1542,CASRDAGGTEAFF,TPRVTGGGAM,0.13062549
1543,CASSVQLPLGVPYEQYF,ISPRTLNAW,0.09337273
1544,CASDRGASTDTQYF,NLVPMVATV,0.90687937
1545,CASRLGGVNTEAFF,FLKEKGGL,0.26243007
1546,CSARDQLREDNYGYTF,ISPRTLNAW,0.088416986
1547,CASSDSAGGYNEQFF,KLGGALQAK,0.96082485
1548,CASTPGGRSNEQFF,KLGGALQAK,0.9599276
1549,CASSFVGELFF,NEGVKAAW,0.47765407
1550,CASSAMDRDEQYF,ISPRTLNAW,0.0744781
1551,CASSSGLAFTGELFF,TPRVTGGGAM,0.1659262
1552,CASSPPYRGSGTEAFF,NLVPMVATV,0.87410945
1553,CASSRRSTDTQYF,GILGFVFTL,0.97221583
1554,CASRSKTGSKQPQHF,DPFRLLQNSQVFS,0.06937881
1555,CASSTSDTQYF,TPRVTGGGAM,0.11688125
1556,CSALAGNEQFF,KLGGALQAK,0.9570947
1557,CASSIGQSYNEQFF,SLYNTVATL,0.106071725
1558,CATSRDVIGSNEQFF,GLCTLVAML,0.5850308
1559,CASSIWGISGQPQHF,ELAGIGILTV,0.79405814
1560,CASSPSRDREFLYIQYF,KAFSPEVIPMF,0.24045949
1561,CASSLWAGGEYTEAFF,KLGGALQAK,0.9428485
1562,CASSPAGQGDYQPQHF,FRDYVDRFYKTLRAEQASQE,0.25316408
1563,CASSALASGTDTQYF,FRDYVDRFYKTLRAEQASQE,0.517114
1564,CASSDFGAAVNTGELFF,LLLGIGILV,0.2957802
1565,CAWSIGQPYSPLHF,GTSGSPIIDK,0.07974033
1566,CASSLGQINEQFF,ELAGIGILTV,0.7680882
1567,CASSLAGVGELFF,NLVPMVATV,0.93165284
1568,CASRGPVETQYF,ISPRTLNAW,0.07037875
1569,CASKIGQGYEQYF,KLGGALQAK,0.96827745
1570,CASSQGRGPYEQYF,KLGGALQAK,0.97132754
1571,CASSQLGRGDNEQFF,GILGFVFTL,0.7997742
1572,CASSLTGTEAFF,IPSINVHHY,0.0864343
1573,CATSREVETGELFF,NLVPMVATV,0.9267187
1574,CASSLRDGSEAFF,RAKFKQLL,0.72917265
1575,CASSFSGNTGELFF,RAKFKQLL,0.82744306
1576,CASSKNYEQYF,LLWNGPMAV,0.36745134
1577,CASSPGRETAINQPQHF,LLLGIGILV,0.21724163
1578,CASSSFGSSGGMDTQYF,GILGFVFTL,0.8803143
1579,CASSIVSGNEQFF,GILGFVFTL,0.9528758
1580,CASSLGFGGATEAFF,LLLGIGILV,0.20391105
1581,CASSWSGGSHYGYTF,LLLGIGILV,0.15629438
1582,CASSPTGGENYGYTF,KLGGALQAK,0.9490991
1583,CASSLGTGPEAFF,NEGVKAAW,0.38421962
1584,CASSPPLAGPSTDTQYF,ELAGIGILTV,0.76349306
1585,CASRARTGGLGYTF,AVFDRKSDAK,0.77621806
1586,CASSHSSGFNYNEQFF,NLVPMVATV,0.86110115
1587,CSAETGVGQPQHF,GILGFVFTL,0.8256257
1588,CASSLEWGGETQYF,FLRGRAYGL,0.09446137
1589,CASSQVGGNTEAFF,IPSINVHHY,0.08100866
1590,CASSLRVGLDQPQHF,MLNIPSINV,0.0834624
1591,CASSFSGNTGELFF,RAKFKQLL,0.82744306
1592,CASGDDNTGELFF,SGPLKAEIAQRLED,0.113676354
1593,CASSTRSAYEQYF,RAKFKQLL,0.44733825
1594,CASSEGWRDRPNEKLFF,GLCTLVAML,0.5185964
1595,CASSPGTGTYGYTF,RLRAEAQVK,0.31760785
1596,CASSWPGGTEAFF,KLGGALQAK,0.9503363
1597,CSARAGRGLDTDTQYF,SGPLKAEIAQRLED,0.08258916
1598,CATQQGLGTGELFF,GTSGSPIVNR,0.17146952
1599,CASSSGQTLPGELFF,GLCTLVAML,0.5688029
1600,CASSGRQGNTEAFF,AVFDRKSDAK,0.7284363
1601,CASSPSSGNTIYF,KLGGALQAK,0.9611595
1602,CASSADTVYNEQFF,ELAGIGILTV,0.7345226
1603,CASSRGGQGWGTDTQYF,DATYQRTRALVR,0.22795296
1604,CASSLGGADEQFF,AVFDRKSDAK,0.7237954
1605,CASSPPTLEDSGANVLTF,ATDALMTGY,0.24136217
1606,CASSSNKLAGGPSGELFF,KLGGALQAK,0.9616698
1607,CASSSPGANVLTF,AVFDRKSDAK,0.7385469
1608,CASSLAGWSYNSPLHF,KLGGALQAK,0.955875
1609,CASSLFGGTYEQYF,RAKFKQLL,0.7100832
1610,CASSLDGSVETQYF,AVFDRKSDAK,0.66243875
1611,CASSLETGYEQYF,KLGGALQAK,0.9502608
1612,CAIRDKMNTEAFF,NLVPMVATV,0.91066986
1613,CASSQEETSGNYEQYF,KLGGALQAK,0.9613331
1614,CASSPLVGSYNEQFF,NLSALGIFST,0.23794442
1615,CASSTAGHQPQHF,DATYQRTRALVR,0.27514055
1616,CASSPLVAGELFF,ELAGIGILTV,0.807997
1617,CASRMDRGTYEQYF,NLVPMVATV,0.91466945
1618,CASSFVGATNEKLFF,GLCTLVAML,0.605539
1619,CASTLTVAGWTEAFF,NLVPMVATV,0.85610574
1620,CASSPAAGPPWGFF,RAKFKQLL,0.7858818
1621,CASSQEGAGPFYEQYF,SLYNTVATL,0.10671553
1622,CASSLVPTGQETQYF,GTSGSPIIDK,0.07787706
1623,CASSLVTGTGASYNEQFF,KLGGALQAK,0.9484201
1624,CASSPGLAGGEQFF,RPRGEVRFL,0.09783099
1625,CASSQTSGSGDTQYF,RLRAEAQVK,0.33658314
1626,CASSQETTSEQYF,TPRVTGGGAM,0.1271141
1627,CASSGQARGNQPQHF,FRDYVDRFYKTLRAEQASQE,0.6353374
1628,CASSLTSGGANEQFF,NLVPMVATV,0.9180144
1629,CASRSPLGYEQYF,SLYNTVATL,0.12690875
1630,CASSLIPRTGNINQPQHF,NLVPMVATV,0.93437576
1631,CSTSAVSGANYEQYF,ISPRTLNAW,0.06944114
1632,CSASDVAGLYTDTQYF,AMFWSVPTV,0.10302981
1633,CASSPIPGGSDTQYF,EIYKRWII,0.08125103
1634,CSVLGRRVSYEQYF,GILGFVFTL,0.8124854
1635,CASSVETNTGELFF,ARMILMTHF,0.19375047
1636,CASSLGMGTEAFF,NLSALGIFST,0.27515092
1637,CASRTTGGNTEAFF,TPQDLNTML,0.14680427
1638,CASSRLAGGWNEQFF,KLGGALQAK,0.95926625
1639,CASSRPINNSPLHF,KRWIILGLNK,0.21105501
1640,CASSDSVSFLNQPQHF,NLVPMVATV,0.91106623
1641,CASSIPQKAFF,ISPRTLNAW,0.07865316
1642,CASSVRSSYEQYF,GILGFVFTL,0.9772743
1643,CASSFRGAGDQPQHF,LLLGIGILV,0.18956368
1644,CASSRGAGELFF,DPFRLLQNSQVFS,0.078006916
1645,CASSLGTSGGTGELFF,RAKFKQLL,0.79041564
1646,CASSHRIGGETQYF,HPKVSSEVHI,0.062117703
1647,CASSIGAGAQETQYF,QARQMVQAMRTIGTHP,0.06492982
1648,CASRYIAGGRNEQFF,KLGGALQAK,0.98131114
1649,CSARALGRPQETQYF,LLQTGIHVRVSQPSL,0.3025127
1650,CASSSRTSGGQDEQFF,EPLPQGQLTAY,0.060792577
1651,CASSQVHRGWPKNIQYF,GLCTLVAML,0.5514881
1652,CASSYGQALLADEQFF,NEGVKAAW,0.35500354
1653,CASSIRGGSSYNEQFF,ISPRTLNAW,0.055851348
1654,CASSLRSTDTQYF,GILGFVFTL,0.847223
1655,CASSLTLQRVGTGELFF,FPRPWLHGL,0.10746777
1656,CASSLSPGQGDTQYF,NLVPMVATV,0.93205184
1657,CAISESQGNTEAFF,SFHSLHLLF,0.19996057
1658,CASSFSGNTGELFF,RAKFKQLL,0.82744306
1659,CASSLIAGGPYNEQFF,NLVPMVATV,0.9375764
1660,CASSPRLAGTGELFF,TPGPGVRYPL,0.09177828
1661,CASSINSYSGNTIYF,GPGHKARVL,0.051518776
1662,CASSVGGAAGSPKEGYTF,KLGGALQAK,0.9498881
1663,CASSEILLRGAETQYF,EIYKRWII,0.08861823
1664,CASSLTWDEKLFF,KLGGALQAK,0.9472396
1665,CASSDTGTSNTGELFF,FLYNLLTRV,0.1297569
1666,CASSGRSADTQYF,FPRPWLHGL,0.04816713
1667,CASSLSNSNQPQHF,KLGGALQAK,0.95018697
1668,CASSTGATEQFF,KLGGALQAK,0.95155597
1669,CASGGEAFF,GPGHKARVL,0.09641608
1670,CASSQERGAWLDTQYF,RLRAEAQVK,0.26590863
1671,CASSLGQGAYEQYF,NLSALGIFST,0.3085776
1672,CASSLTGGEKLFF,KLGGALQAK,0.9376673
1673,CASSPVGGSGELFF,SFHSLHLLF,0.26264954
1674,CASSRFGQGLVGTEAFF,KLGGALQAK,0.9605421
1675,CASSIRSSYEQYF,GILGFVFTL,0.9847222
1676,CASSTRSSYEQYF,GILGFVFTL,0.9738546
1677,CASSLIYPGELFF,QVPLRPMTYK,0.1291934
1678,CASSQGVAGAFDEQFF,KLGGALQAK,0.95655066
1679,CASGPGQGNGYTF,KLGGALQAK,0.96002495
1680,CATSDRSQGVNTGELFF,KLGGALQAK,0.95813984
1681,CASSVRSSYEQYF,GILGFVFTL,0.9772743
1682,CSARTLEGILTTGETQYF,KLGGALQAK,0.9438271
1683,CASSLGQGEQFF,PKYVKQNTLKLAT,0.53598773
1684,CASSVNPGQGANYGYTF,AVFDRKSDAK,0.72365344
1685,CASSSTGGGEKDQPQHF,KLGGALQAK,0.9235171
1686,CASSTRSDSEAFF,GILGFVFTL,0.956226
1687,CASSLRDGSEAFF,AVFDRKSDAK,0.7190613
1688,CASSRTGTSEQYF,IVTDFSVIK,0.46958682
1689,CSARPKTDREKGYGYTF,KLGGALQAK,0.9530312
1690,CASSPTGTAAYEQYF,TPGPGVRYPL,0.07609815
1691,CASEDFRDAPNTGELFF,IVTDFSVIK,0.44497946
1692,CASSIRSSVEQYF,LPRRSGAAGA,0.05888957
1693,CASSLAGNPYEQYF,IPSINVHHY,0.08334451
1694,CASSPGHAYEQYF,GTSGSPIVNR,0.12687951
1695,CASSYSSPETGGQPQHF,LLLGIGILV,0.21951482
1696,CASSFKQGPDEQYF,TPGPGVRYPL,0.08012204
1697,CSANRPGTEHSNQPQHF,GILGFVFTL,0.76191527
1698,CASSPGMGSGYTF,ELAGIGILTV,0.7879576
1699,CSATDVTKGQLISGYTF,GTSGSPIIDK,0.0647435
1700,CASSEGSDSNQPQHF,GTSGSPIINR,0.1084933
1701,CASSFSSTDTQYF,SLYNTVATL,0.13660616
1702,CASKGTGSLDTQYF,EPLPQGQLTAY,0.07244774
1703,CASSIRSTGELFF,YSEHPTFTSQY,0.07303531
1704,CASSLAGYEQYF,ISPRTLNAW,0.10349724
1705,CSVEGGRGDTQYF,GILGFVFTL,0.78564787
1706,CASRLGQLYEQYF,KRWIIMGLNK,0.22025317
1707,CASETGRRFYEQYF,LLLGIGILV,0.18382436
1708,CASSWVSGNTIYF,KLGGALQAK,0.962029
1709,CASSIIGGGNTGELFF,RAKFKQLL,0.8489264
1710,CSASPHPQEGIGELFF,NEGVKAAW,0.5413921
1711,CASSQGQGLNGYTF,GTSGSPIIDK,0.06704178
1712,CASSDSAGLALNEQFF,AVFDRKSDAK,0.7075011
1713,CASSVDSYSNQPQHF,KLGGALQAK,0.95073557
1714,CASSLWAGGEYTEAFF,TPGPGVRYPL,0.08047251
1715,CASSSGTEVTDTQYF,KLGGALQAK,0.95775276
1716,CASSDGTSAFPYEQYF,DPFRLLQNSQVFS,0.1067968
1717,CASSLAGWKLFF,TPGPGVRYPL,0.0788513
1718,CASSPSGGGYEQYF,IVTDFSVIK,0.40168488
1719,CASSQVGLGYEQYF,KLGGALQAK,0.95125985
1720,CASSLDLGTAKYGYTF,GLCTLVAML,0.61338294
1721,CASSYTLASYEQYF,NLVPMVATV,0.92052186
1722,CASSVGQPGETQYF,LLLGIGILV,0.20681788
1723,CASSLVCTDTQYF,AVFDRKSDAK,0.69050705
1724,CASAVRSPLHF,PKYVKQNTLKLAT,0.37524423
1725,CASSLYSNQPQHF,GILGFVFTL,0.84337115
1726,CASSHGEGLAVSYNEQFF,VTEHDTLLY,0.2599799
1727,CASSQDVTAGANVLTF,RLRAEAQVK,0.41634917
1728,CASSIGRTYEQYF,NLVPMVATV,0.84840614
1729,CASSRDDAGGGYGYTF,KLGGALQAK,0.97270095
1730,CASSPGTNYGYTF,LLWNGPMAV,0.39723364
1731,CASSRVDTQYF,LLQTGIHVRVSQPSL,0.16285463
1732,CASSQGGQGAWNEQFF,EPLPQGQLTAY,0.070579045
1733,CASSQYPGETDTQYF,AVFDRKSDAK,0.7131625
1734,CASSYYSNQPQHF,PKYVKQNTLKLAT,0.34347937
1735,CASSSGSYNEQFF,AVFDRKSDAK,0.6633473
1736,CASSQGTSIGETQYF,ELAGIGILTV,0.7607324
1737,CSVDLEANYGYTF,KLGGALQAK,0.9532794
1738,CASSDKVLETQYF,QARQMVQAMRTIGTHP,0.11201899
1739,CASSLPTGGTGELFF,ISPRTLNAW,0.107222825
1740,CASSEPSTANEQFF,YVLDHLIVV,0.06946459
1741,CASSIVGSSYNEQFF,RPPIFIRRL,0.054515332
1742,CSARELGQGAFYGYTF,QARQMVQAMRTIGTHP,0.1109622
1743,CASSLWDYGYTF,AMFWSVPTV,0.11075122
1744,CSASTQGALVLTNEQFF,GILGFVFTL,0.80846035
1745,CASSTGTTLYNEQFF,MLNIPSINV,0.08413255
1746,CASSQDHRMGGHEKLFF,NLVPMVATV,0.85229164
1747,CASSESTGFGNTIYF,FLKEKGGL,0.2092867
1748,CASIALTGELFF,AVFDRKSDAK,0.76121753
1749,CAWSVGSYEQYF,LPRRSGAAGA,0.14048968
1750,CASSLPLTDTQYF,PKYVKQNTLKLAT,0.46645138
1751,CAWSVHEWQANYGYTF,KRWIILGLNK,0.22846514
1752,CATSPGLAGAYQETQYF,ELAGIGILTV,0.7424461
1753,CASSFNGVRETQYF,AVFDRKSDAK,0.69436806
1754,CATSDNQGSLSTQYF,HPKVSSEVHI,0.07140473
1755,CASTTGGGGYEQYF,KAFSPEVIPMF,0.25172725
1756,CASSSANYGYTF,NLVPMVATV,0.9018334
1757,CASSPHDGITGELFF,GTSGSPIINR,0.14718574
1758,CASSLSQGWSETQYF,KLGGALQAK,0.9545576
1759,CASSAGTEAGNTIYF,NEGVKAAW,0.33020213
1760,CASSLMRGGTYNSPLHF,RAKFKQLL,0.67100626
1761,CASSFTSSRTDTQYF,GTSGSPIINR,0.07769645
1762,CASSLSGYEAFF,RLRAEAQVK,0.2941794
1763,CASSQGAYAIDEQFF,KLGGALQAK,0.96987265
1764,CASSTQRDRELGYTF,KLGGALQAK,0.9773422
1765,CASKDKEGTGYNEQFF,AVFDRKSDAK,0.7006341
1766,CASSPLGGGKSTEAFF,SGPLKAEIAQRLED,0.086328745
1767,CASSLGLAGGPGETQYF,KLGGALQAK,0.94939905
1768,CASSIFGGSAYNEQFF,NEGVKAAW,0.2718695
1769,CASSYSGGQGLRYTF,FRDYVDRFYKTLRAEQASQE,0.3896417
1770,CASSEGGDPYEKLFF,KLGGALQAK,0.96284324
1771,CATSDPEGRDTQYF,PKYVKQNTLKLAT,0.42052925
1772,CASSIGLYGYTF,ARMILMTHF,0.08874526
1773,CASSPDSNGYTF,KLGGALQAK,0.95366186
1774,CASSQTGTAYGYTF,NEGVKAAW,0.31497324
1775,CASSIRSSYEQYF,FLRGRAYGL,0.04636234
1776,CATSRDPQDNSPLHF,RLRAEAQVK,0.26929766
1777,CASISSNQPQHF,CINGVCWTV,0.16459665
1778,CASSPGTGLGQPQHF,KAFSPEVIPMF,0.28625298
1779,CASSVGGVSTDTQYF,KRWIIMGLNK,0.14762145
1780,CASSPMDTQYF,RLRAEAQVK,0.2838369
1781,CSARVGIPNYGYTF,KLGGALQAK,0.96018606
1782,CASGPLLLMTNEQFF,KLVALGINAV,0.11714217
1783,CASSPMDLLDEQYF,KAFSPEVIPMF,0.3007908
1784,CASSASDAYEQYF,QVPLRPMTYK,0.1186507
1785,CASSRTVSGNQPQHF,PKYVKQNTLKLAT,0.3084813
1786,CASSPLIRGLNEKLFF,AVFDRKSDAK,0.73956466
1787,CSARRELDSGANVLTF,SLYNTVATL,0.10611321
1788,CASSWGQGNNEQFF,KLVALGINAV,0.11229462
1789,CASSLGTSGIYEQYF,YLQPRTFLL,0.17038633
1790,CSARDTSGRAMDEQFF,LLLGIGILV,0.15834574
1791,CASSGHPGQGKPQHF,IVTDFSVIK,0.3629905
1792,CASSIHTANQPQHF,QVPLRPMTYK,0.08088516
1793,CASSYGAGGYNEQFF,QVPLRPMTYK,0.090462446
1794,CASGPPGGEKLFF,TPGPGVRYPL,0.07650728
1795,CASGLAGFETQYF,ATDALMTGY,0.29319364
1796,CASSYSPEAYEQYF,LLLGIGILV,0.20169055
1797,CSVGSGDHGEQFF,RAKFKQLL,0.7490075
1798,CSVEGTSGGDVTGELFF,AVFDRKSDAK,0.7614164
1799,CASSLDTENTDTQYF,ELAGIGILTV,0.7425866
1800,CASRESLNEKLFF,KLVALGINAV,0.09455173
1801,CASRRGWSDHEQYF,KLGGALQAK,0.9687865
1802,CSSPGGPNEKLFF,YSEHPTFTSQY,0.1403127
1803,CASSPTTGTGHYGYTF,NLVPMVATV,0.8219528
1804,CASSYAPGEAFF,KLGGALQAK,0.9533024
1805,CASSIRSSYEQYF,FRDYVDRFYKTLRAEQASQE,0.29867783
1806,CATSRDARVTEAFF,EPLPQGQLTAY,0.0648227
1807,CASSLSVGGIEQFF,NLVPMVATV,0.92730033
1808,CASTGLAGTYNEQFF,RAKFKQLL,0.6603103
1809,CASSPYNEQFF,KLGGALQAK,0.9428713
1810,CASSPRTGNTGELFF,IVTDFSVIK,0.54010105
1811,CASSTTSGRYEQYF,ATDALMTGY,0.20642138
1812,CSARWRYSRGPDTQYF,FPRPWLHGL,0.07163717
1813,CASSLQGRGNQPQHF,GTSGSPIINR,0.123160854
1814,CASSQAEGGRRLDTQYF,PKYVKQNTLKLAT,0.39053142
1815,CASSLSSGTYEQYF,GILGFVFTL,0.8357529
1816,CASSYYSGGTTYNEQFF,IPSINVHHY,0.0679928
1817,CASSIFGGAEAFF,ARMILMTHF,0.12267063
1818,CASSRPINNSPLHF,KLGGALQAK,0.9695645
1819,CSANILGAVRAENEQFF,ELAGIGILTV,0.74554694
1820,CASSVSGSNQPQHF,KLGGALQAK,0.9634013
1821,CSVGGASNTEAFF,KAFSPEVIPMF,0.22362168
1822,CASSIMGTDTQYF,GILGFVFTL,0.9513796
1823,CASSTTRMDTQYF,DPFRLLQNSQVFS,0.073012084
1824,CSVDLRGPGHGYTF,TPRVTGGGAM,0.119545646
1825,CASSLGGGSNQPQHF,DATYQRTRALVR,0.29252028
1826,CASSMSSWSADTQYF,VTEHDTLLY,0.1654422
1827,CASSSGLAGVNEQFF,ISPRTLNAW,0.07779477
1828,CASSLPGTSGISQDTQYF,TPGPGVRYPL,0.06357887
1829,CASSGDFATSYKQYF,GILGFVFTL,0.8622297
1830,CASSPQTGKRLYEQYF,RAKFKQLL,0.715256
1831,CASKDDGGGDLKQETQYF,TPRVTGGGAM,0.11867099
1832,CASRQGRKETQYF,SGPLKAEIAQRLED,0.07297329
1833,CATRISGFAAFF,KLGGALQAK,0.9746095
1834,CASSLGDTEAFF,KLGGALQAK,0.94918615
1835,CSAHAGTGGAETQYF,DPFRLLQNSQVFS,0.105002426
1836,CASSETENHYEQFF,GILGFVFTL,0.77008295
1837,CASSQVAGFTEAFF,NLVPMVATV,0.92337906
1838,CASSQTQLWETQYF,FLRGRAYGL,0.08509476
1839,CSARPPTRDTQYF,NLSALGIFST,0.22423154
1840,CASTPIESSTDTQYF,AVFDRKSDAK,0.7180451
1841,CASSGTDFNTGELFF,YSEHPTFTSQY,0.15595314
1842,CASSIISLDTQYF,GILGFVFTL,0.9738283
1843,CATSGDFGNTIYF,ISPRTLNAW,0.07001186
1844,CASSLLGTGVREQYF,TPGPGVRYPL,0.0797086
1845,CASSLSESSYNEQFF,LLWNGPMAV,0.3688405
1846,CASSENSNQPQHF,GLIYNRMGAVTTEV,0.07530394
1847,CASSDPTGSGAYEQYF,FRDYVDRFYKTLRAEQASQE,0.26296237
1848,CASSLNTDTQYF,NLVPMVATV,0.92229867
1849,CASSLGQLHTWGNEQYF,NLVPMVATV,0.91169083
1850,CASSYSGSNEQYF,ELAGIGILTV,0.7580065
1851,CSASDNELPGSSYNEQFF,MLNIPSINV,0.08000579
1852,CASSFLGTRADTQYF,IPSINVHHY,0.06915807
1853,CASGQLSYNSPLHF,RAKFKQLL,0.7670382
1854,CASSLYSGRIGGETQYF,KLGGALQAK,0.9685629
1855,CASSLAQGEQFF,PKYVKQNTLKLAT,0.507649
1856,CASSQEMGGPDTQYF,NEGVKAAW,0.31795496
1857,CASRASGSYNEQFF,KLGGALQAK,0.97435373
1858,CASSDRTSGINEQFF,GILGFVFTL,0.87346923
1859,CASSGGGPTNEKLFF,KAFSPEVIPMF,0.20884274
1860,CASSQAGSSYEQYF,DATYQRTRALVR,0.17886762
1861,CASSQDGKGATYNSPLHF,VTEHDTLLY,0.2540511
1862,CASSVTSSRGGTDTQYF,SGPLKAEIAQRLED,0.069702044
1863,CASSFIPAELRYEQYF,KLGGALQAK,0.95172024
1864,CASSYGAGGYNEQFF,LLLGIGILV,0.16848443
1865,CSDSSTGGAGFTF,FRDYVDRFYKTLRAEQASQE,0.6238478
1866,CASSRGGLSYNEQFF,GILGFVFTL,0.93520683
1867,CASNLAGHTDTQYF,GILGFVFTL,0.74503297
1868,CAISEPGMTSGVGEQFF,PKYVKQNTLKLAT,0.398351
1869,CASSIGTGEQFF,GILGFVFTL,0.8847071
1870,CASSYSGTGASPLHF,FLKEKGGL,0.2176861
1871,CASSLVGGRYGYTF,KRWIIMGLNK,0.12640701
1872,CASSSVNEQFF,NLVPMVATV,0.91076547
1873,CASSLTAPDTDAFF,NLSALGIFST,0.22946407
1874,CASSPSSWDRPGTGELFF,RLRAEAQVK,0.3421217
1875,CASSKDSSTDTQYF,GLCTLVAML,0.4826897
1876,CSAKRGNTEAFF,SLYNTVATL,0.11334402
1877,CASSWTRYNEQFF,GLCTLVAML,0.5818494
1878,CASSYSAPEQFF,LLWNGPMAV,0.35986492
1879,CAISESGTGYEQYF,ATDALMTGY,0.28586513
1880,CASSVFDWASGRTGELFF,DATYQRTRALVR,0.33169773
1881,CASSRTGTYEQYF,IVTDFSVIK,0.42396763
1882,CASSRRLSNEQFF,GTSGSPIINR,0.061457798
1883,CASSGGHQNNEKLFF,GILGFVFTL,0.8131153
1884,CASSPHQADTQYF,NLVPMVATV,0.9069786
1885,CSLQGGRYNEQFF,NLVPMVATV,0.92619056
1886,CASSLNVPRSGYEQYF,NEGVKAAW,0.35128963
1887,CASSLGSAEAFF,QVPLRPMTYK,0.15047565
1888,CSARGLAGGPVETQYF,PKYVKQNTLKLAT,0.41988987
1889,CASSGWGQRNNEQFF,KLGGALQAK,0.9554282
1890,CASSIGSYGYTF,GILGFVFTL,0.97387797
1891,CASSSLGAREQFF,IVTDFSVIK,0.42843708
1892,CASSQEMNRVVGNEQFF,FLKEKGGL,0.22803709
1893,CASSRGQGAYEQFF,GTSGSPIIDK,0.059156187
1894,CASGREQYF,ELAGIGILTV,0.7819561
1895,CASSLGGDSPLHF,KLVALGINAV,0.11980198
1896,CASSRGANQPQHF,RPRGEVRFL,0.056432158
1897,CASSEGRAGGYTF,AMFWSVPTV,0.07825797
1898,CASSIRSSYNEQFF,GILGFVFTL,0.9880498
1899,CASSTLGDSREKLFF,EIYKRWII,0.089772716
1900,CASSLASGRSTEAFF,RLRAEAQVK,0.26135314
1901,CASSFAGDRGLGSYGYTF,YSEHPTFTSQY,0.11240385
1902,CASSPGTGYEQYF,KLGGALQAK,0.9601651
1903,CASSSIRGAQMNTEAFF,NLVPMVATV,0.8177645
1904,CASSGLQGTDTQYF,NLVPMVATV,0.92744344
1905,CATSDEVAGGRHHEQFF,TPGPGVRYPL,0.090970546
1906,CASSIRSLDIQYF,FLKEKGGL,0.10930278
1907,CASSSLGGHGEAFF,RAKFKQLL,0.7117604
1908,CAWSLEADTQYF,YVLDHLIVV,0.07426916
1909,CSETSGTGFYEQFF,YLQPRTFLL,0.13990869
1910,CASSYARNYNEQFF,KLVALGINAV,0.061365474
1911,CASTLLTSGTGELFF,LPRRSGAAGA,0.16959983
1912,CASSKAGHYEQYF,DPFRLLQNSQVFS,0.10048685
1913,CATSEQGQGPSDTQYF,LPRRSGAAGA,0.13040635
1914,CASSYKREYTGELFF,NLSALGIFST,0.11375218
1915,CASSSAYYGYTF,TPRVTGGGAM,0.093045205
1916,CASSQDRVKGLYNSPLHF,FLRGRAYGL,0.07964421
1917,CASSLAFSYNEQFF,RPPIFIRRL,0.08114427
1918,CASRRESQETQYF,ATDALMTGY,0.1540753
1919,CSARAAGRQTSTYEQYF,EIYKRWII,0.08016061
1920,CASSLNIYEQYF,NEGVKAAW,0.39741868
1921,CASSPGTGEQYF,GTSGSPIIDK,0.080486484
1922,CSVQQGNTGELFF,ATDALMTGY,0.37373868
1923,CASSLGQGAVNEKLFF,QARQMVQAMRTIGTHP,0.105246134
1924,CASSVRSSTEQFF,GILGFVFTL,0.9706072
1925,CASGTEAFF,SLYNTVATL,0.11962812
1926,CASSVVGDLRETQYF,EIYKRWII,0.0982275
1927,CASSIRSAWEQFF,GILGFVFTL,0.9836774
1928,CASKSEKGAGGSPLHF,ATDALMTGY,0.25969696
1929,CASTKGDMGADTQYF,GPGHKARVL,0.07113994
1930,CSARDTREGLNEQFF,YVLDHLIVV,0.07975255
1931,CASSIRSDEKLFF,GILGFVFTL,0.9817618
1932,CASSRARGSTEVREQFF,FRDYVDRFYKTLRAEQASQE,0.5977505
1933,CASSPALWVSNQPQHF,KLGGALQAK,0.9574447
1934,CSLDRTPASNYGYTF,KAFSPEVIPMF,0.22594807
1935,CASSYFLAGHTGELFF,NLVPMVATV,0.9191838
1936,CASSQDALGYEQYF,NLVPMVATV,0.9130094
1937,CASRTTSGGASEQFF,YVLDHLIVV,0.069628365
1938,CASSVLAGGLDTQYF,DATYQRTRALVR,0.30521172
1939,CASSYGTGENTEAFF,RAKFKQLL,0.6098641
1940,CASSLLGDRAYIFYEQFF,AVFDRKSDAK,0.6638516
1941,CSVPGGYTF,AMFWSVPTV,0.11111742
1942,CASSLANGWRGSSYEQYF,ELAGIGILTV,0.7629013
1943,CASRSKTGSKQPQHF,GTSGSPIINR,0.070773475
1944,CASILMGQSLGTQYF,NLVPMVATV,0.9360446
1945,CASSLSSPGNQPQHF,IPSINVHHY,0.08501201
1946,CASSLYAGASEKLFF,KLGGALQAK,0.9447987
1947,CASSPLDSGGFYEQYF,NLVPMVATV,0.93210226
1948,CAISAGTGAFF,KLGGALQAK,0.95259136
1949,CAISESMGTGTQETQYF,GTSGSPIINR,0.10276571
1950,CASSIGTAYNEQFF,KLGGALQAK,0.97338843
1951,CASRPPGRDYGYTF,KLGGALQAK,0.9601231
1952,CASSLGGNNEQFF,GLCTLVAML,0.6021073
1953,CASSSGPEAFF,AVFDRKSDAK,0.6691763
1954,CAIASGTVRGNTIYF,NLVPMVATV,0.8748523
1955,CSALGGTQYF,SLYNTVATL,0.12803257
1956,CASSLGQTPYEQYF,NLVPMVATV,0.9249089
